N,P,K,temperature,humidity,ph,rainfall,label
78,47,40,18.63,43.67,6.7,86.36,wheat
97,13,45,23.46,93.65,6.37,11.36,muskmelon
28,73,91,24.81,14.98,7.2,83.55,chickpea
23,17,10,27.67,99.64,7.68,102.16,orange
110,20,32,25.73,59.03,6.07,158.36,coffee
102,21,51,27.47,90.22,6.5,61.97,watermelon
113,73,60,26.62,84.25,5.11,148.38,banana
65,43,54,26.56,64.68,6.0,62.76,tomato
12,66,21,20.53,35.25,6.35,49.36,lentil
23,15,40,25.85,95.76,5.29,200.62,coconut
112,80,44,29.36,78.5,5.51,96.56,banana
37,60,93,15.43,14.22,7.08,56.97,chickpea
22,27,25,25.23,53.45,5.89,90.73,mango
20,54,15,28.29,58.83,5.85,125.28,pigeonpeas
23,125,203,22.11,89.83,4.91,95.11,apple
19,46,20,23.63,19.0,6.01,132.77,kidneybeans
12,48,23,22.92,89.1,6.83,59.54,mungbean
57,51,63,25.72,42.97,6.98,54.7,onion
54,53,43,15.62,67.09,6.42,79.82,barley
138,62,20,26.99,80.22,6.58,102.15,cotton
17,115,196,21.52,94.55,6.38,119.08,apple
33,60,21,26.47,70.57,6.29,64.22,blackgram
26,125,216,20.56,83.62,5.23,77.04,grapes
46,54,18,32.31,61.84,7.0,73.99,blackgram
88,20,59,25.45,83.98,6.84,66.86,watermelon
88,15,33,26.99,60.14,7.74,176.48,coffee
23,74,15,21.26,43.15,6.85,37.36,lentil
99,26,44,31.59,87.31,6.54,47.19,watermelon
17,11,49,28.39,100.0,6.28,164.25,coconut
21,122,192,17.9,89.64,6.97,121.03,apple
65,44,47,25.84,69.61,6.14,68.65,potato
27,137,188,23.87,95.38,5.95,140.03,apple
113,11,63,27.22,92.11,5.97,18.83,muskmelon
20,116,197,19.4,94.72,6.2,108.95,apple
15,52,22,18.67,17.73,5.48,130.48,kidneybeans
67,51,31,26.83,78.93,7.04,217.24,jute
29,125,188,29.07,75.55,5.85,78.29,grapes
10,5,48,22.05,91.5,6.77,40.56,pomegranate
118,43,15,24.81,91.31,6.8,73.5,cotton
40,67,20,36.17,56.37,6.79,68.73,blackgram
23,120,204,25.75,83.94,5.49,58.99,grapes
86,22,42,25.05,91.66,6.57,26.31,muskmelon
94,19,52,27.49,93.91,5.99,29.88,muskmelon
53,69,50,39.03,99.2,7.01,130.15,papaya
67,25,30,27.69,49.64,6.15,71.69,sunflower
25,133,194,20.56,90.22,5.99,74.26,apple
42,49,48,31.12,91.84,7.08,169.91,papaya
9,61,20,19.75,26.96,6.17,124.47,kidneybeans
64,49,64,23.66,80.98,6.01,75.17,tomato
91,26,25,24.35,57.48,6.32,174.45,coffee
15,13,27,27.04,88.87,5.34,195.25,coconut
89,13,43,25.81,90.55,6.5,31.93,muskmelon
99,19,26,26.07,47.61,6.89,171.76,coffee
55,51,39,19.74,60.96,6.41,123.93,wheat
12,13,7,26.35,88.46,6.97,122.57,orange
27,13,47,19.15,85.42,6.57,43.35,pomegranate
96,11,30,24.88,95.34,6.24,23.65,muskmelon
95,22,59,21.52,89.32,6.61,48.98,watermelon
26,37,30,33.53,51.61,6.07,98.21,mango
26,12,12,25.49,87.09,6.63,107.75,orange
89,23,47,24.69,89.87,6.52,58.95,watermelon
41,67,83,10.4,20.41,7.05,71.66,chickpea
34,70,78,11.29,10.0,6.76,81.87,chickpea
19,13,40,26.2,91.86,6.19,35.03,pomegranate
25,21,12,28.81,90.97,6.75,98.32,orange
24,132,194,25.91,79.04,6.64,73.86,grapes
15,53,21,27.52,80.41,6.54,34.35,mungbean
67,59,49,14.32,64.78,7.08,94.05,wheat
49,29,34,28.35,45.93,6.6,69.07,sunflower
16,35,22,24.34,33.86,4.3,146.28,pigeonpeas
106,27,51,25.23,83.18,6.47,58.23,watermelon
60,49,31,17.32,61.23,7.18,105.12,barley
27,16,5,26.52,88.51,7.56,97.66,orange
17,32,24,33.04,46.93,5.42,138.79,mango
18,7,39,26.18,88.66,6.98,31.94,pomegranate
23,53,25,20.43,18.64,6.13,133.4,kidneybeans
51,44,38,23.1,52.09,6.84,73.95,tomato
34,72,63,16.25,16.84,6.64,60.95,chickpea
45,62,53,36.1,93.38,6.8,137.28,papaya
21,74,17,21.22,54.41,7.02,41.74,lentil
104,18,46,31.91,93.76,6.2,55.71,watermelon
42,51,45,19.49,59.08,6.58,68.9,onion
111,15,48,34.51,96.33,5.73,28.1,muskmelon
53,59,48,35.45,90.76,6.46,162.2,papaya
15,26,27,29.04,55.93,6.07,118.14,mango
72,58,47,17.61,64.14,5.78,105.81,potato
110,30,31,22.68,85.68,6.7,103.07,cotton
28,9,30,27.68,100.0,6.67,197.53,coconut
25,8,44,19.51,95.95,6.1,31.18,pomegranate
100,17,43,28.87,85.21,6.14,38.96,watermelon
23,45,22,19.3,25.54,6.19,144.12,kidneybeans
38,48,23,33.38,53.32,7.39,61.89,blackgram
22,46,16,28.88,53.16,6.96,45.03,mothbeans
25,129,198,21.67,91.65,6.44,119.13,apple
96,28,39,23.03,87.25,6.16,47.32,watermelon
8,9,9,26.72,93.47,7.19,104.25,orange
50,49,39,27.36,94.45,7.13,166.87,papaya
11,24,26,31.76,44.91,6.17,95.68,mango
81,42,32,24.17,62.39,7.06,84.01,maize
16,67,17,28.56,62.07,6.36,140.17,pigeonpeas
23,64,14,31.17,45.29,5.44,126.44,pigeonpeas
56,43,52,34.66,97.01,6.19,181.14,papaya
82,12,45,27.99,91.56,6.35,28.26,muskmelon
17,23,33,27.39,54.52,6.14,86.81,mango
24,12,38,28.77,94.52,5.44,221.69,coconut
98,19,17,28.85,62.29,6.08,189.31,coffee
26,58,13,28.38,45.96,6.63,61.93,mothbeans
52,53,46,24.26,55.39,5.46,78.18,tomato
76,70,38,15.61,48.97,6.51,99.34,wheat
34,45,16,26.71,47.46,6.72,57.4,mothbeans
31,75,90,20.09,18.42,6.6,62.3,chickpea
70,42,41,13.33,62.65,7.13,60.13,wheat
76,48,26,19.02,49.52,7.32,50.45,barley
76,55,36,19.74,62.77,5.8,106.14,maize
11,66,19,28.44,45.82,7.85,157.2,pigeonpeas
21,14,29,24.58,86.71,6.93,35.25,pomegranate
109,20,46,29.14,90.48,6.2,61.55,watermelon
59,44,52,13.04,69.79,5.76,92.2,potato
50,63,46,16.15,83.02,6.44,82.54,potato
16,68,20,21.44,47.85,5.88,45.67,lentil
22,9,30,24.9,92.73,6.86,38.18,pomegranate
75,56,40,20.77,78.42,6.84,198.09,rice
19,67,24,29.58,48.47,5.88,140.2,pigeonpeas
74,45,26,19.45,88.83,7.32,212.53,rice
47,57,44,34.41,91.03,7.0,117.55,papaya
39,81,69,13.81,14.08,7.42,52.21,chickpea
16,14,9,25.24,99.57,7.15,79.46,orange
27,136,203,28.98,84.88,5.85,70.37,grapes
17,9,37,26.56,93.79,5.88,34.67,pomegranate
38,55,48,35.52,88.98,6.49,160.21,papaya
14,16,12,27.52,93.72,6.8,120.72,orange
67,69,43,18.82,63.4,6.07,73.54,potato
112,40,26,20.19,76.66,6.78,79.76,cotton
89,43,29,24.32,94.22,6.95,187.36,jute
24,6,39,22.9,87.61,6.06,38.65,pomegranate
94,7,29,25.03,65.79,7.51,152.4,coffee
22,40,16,28.31,73.43,7.17,54.42,mungbean
115,44,24,25.35,77.92,6.95,75.21,cotton
60,35,40,25.77,44.13,6.06,57.24,sunflower
24,119,181,20.98,78.38,6.18,67.04,grapes
62,49,45,23.16,71.19,5.72,80.21,potato
55,33,45,15.86,61.64,6.48,70.03,sunflower
104,38,29,22.43,89.6,6.5,64.2,cotton
115,51,27,26.4,84.61,7.37,88.27,cotton
21,9,7,22.56,90.01,6.45,113.05,orange
22,134,225,24.99,91.76,6.34,118.66,apple
85,57,45,25.95,80.42,6.88,196.82,rice
59,62,44,35.2,97.12,7.17,160.95,papaya
50,52,50,25.06,60.48,6.73,67.56,onion
17,13,8,27.62,91.08,6.28,109.28,orange
66,66,64,32.11,94.11,7.34,132.07,papaya
61,38,50,22.73,85.32,7.68,192.64,jute
70,62,33,25.65,75.65,6.7,83.53,maize
75,39,38,27.91,80.5,6.55,141.68,jute
17,10,48,23.37,87.59,7.88,40.79,pomegranate
78,51,31,21.05,69.31,6.8,87.91,maize
80,29,33,25.03,83.38,6.27,146.12,jute
17,10,36,26.3,88.24,5.91,176.1,coconut
44,60,50,34.79,87.64,6.84,121.47,papaya
77,50,37,15.78,51.39,7.08,68.63,barley
106,68,42,25.99,81.2,6.59,59.05,banana
100,20,33,25.08,46.34,7.07,119.94,coffee
23,13,26,27.81,94.79,6.21,163.64,coconut
79,46,34,22.27,85.78,6.75,190.67,rice
51,51,54,16.6,57.42,6.03,59.64,potato
54,26,64,24.74,67.61,6.04,53.37,onion
40,45,15,23.99,46.66,6.28,60.14,groundnut
79,31,39,20.09,85.35,6.68,191.8,rice
20,71,14,21.18,17.99,5.55,107.95,kidneybeans
50,49,36,20.37,58.38,7.12,46.62,sunflower
22,17,29,28.53,48.38,6.29,104.58,mango
80,53,38,24.97,81.35,6.55,237.85,rice
21,109,205,25.29,84.78,5.89,70.7,grapes
23,132,179,32.39,87.95,5.9,70.95,grapes
53,60,94,20.33,19.77,7.09,71.27,chickpea
102,79,56,26.01,81.42,6.39,123.31,banana
26,47,16,13.14,18.09,6.18,113.79,kidneybeans
82,64,45,23.02,88.01,6.3,158.86,rice
53,64,54,33.75,91.04,6.87,173.14,papaya
16,12,10,24.28,91.18,7.54,133.07,orange
34,55,21,26.26,61.58,6.59,69.36,groundnut
23,56,16,18.57,21.78,6.47,90.99,kidneybeans
100,3,47,29.35,93.06,6.76,21.9,muskmelon
28,11,43,26.2,88.12,5.76,42.0,pomegranate
54,76,83,19.11,18.97,6.23,70.82,chickpea
116,37,17,23.51,82.01,7.38,73.04,cotton
105,20,31,25.22,55.13,6.48,165.47,coffee
73,48,32,26.36,67.29,6.35,99.33,maize
51,72,44,16.46,71.06,6.88,57.07,potato
101,22,40,31.82,87.32,7.25,21.71,muskmelon
69,61,40,18.45,57.09,6.78,106.16,wheat
47,63,85,17.43,18.62,6.54,76.28,chickpea
21,57,21,21.32,26.17,6.44,121.17,kidneybeans
77,46,47,17.5,43.81,7.15,48.5,barley
56,33,51,17.37,54.65,7.22,87.89,wheat
18,55,22,26.76,46.6,6.7,53.6,mothbeans
46,49,45,33.35,73.4,6.52,68.88,tomato
19,18,12,25.37,88.73,6.43,111.6,orange
15,54,12,29.94,79.5,7.0,51.61,mungbean
42,56,18,30.86,58.02,6.86,61.4,blackgram
34,57,22,37.5,63.63,6.44,74.02,blackgram
25,58,23,26.91,48.37,5.96,50.81,mothbeans
85,46,38,27.3,86.13,6.91,259.16,rice
43,48,34,25.49,45.04,6.85,52.83,sunflower
60,54,40,14.54,49.59,7.01,63.69,barley
90,16,55,29.53,92.79,6.77,22.11,muskmelon
98,7,51,29.05,92.4,5.21,14.87,muskmelon
54,58,43,14.74,34.17,7.08,86.55,barley
85,37,43,23.04,85.29,7.12,118.11,jute
29,62,21,27.96,57.29,7.59,74.91,blackgram
43,69,18,27.59,53.69,6.57,64.62,groundnut
105,20,37,26.74,55.14,6.21,142.41,coffee
16,72,22,23.21,40.4,5.64,58.58,lentil
16,10,10,24.67,91.41,7.56,118.24,orange
91,45,33,31.72,82.3,6.51,219.28,rice
54,50,60,38.29,89.83,6.88,162.85,papaya
68,50,38,20.89,77.68,6.58,72.6,wheat
74,70,31,13.57,44.94,6.91,87.0,barley
31,11,13,23.82,88.74,7.04,119.74,orange
18,65,12,23.54,27.26,5.85,116.6,kidneybeans
87,67,48,24.97,81.69,5.91,100.21,banana
35,67,22,26.46,46.66,5.97,74.87,groundnut
26,15,37,27.88,97.71,5.56,199.41,coconut
19,63,12,21.04,70.09,5.88,49.68,lentil
21,29,27,32.7,42.58,6.44,90.49,mango
70,41,38,26.2,60.22,6.76,58.59,sunflower
61,63,29,21.48,66.32,6.18,69.24,potato
81,41,29,25.72,89.63,7.26,193.37,jute
19,123,218,19.56,92.54,6.11,129.47,apple
27,141,216,21.62,93.93,5.81,96.15,apple
32,136,188,21.27,85.37,5.88,55.74,grapes
111,44,22,26.01,75.28,6.6,66.25,cotton
67,46,56,20.99,52.52,7.35,78.74,onion
82,35,38,26.84,89.27,6.34,149.38,jute
26,26,34,31.32,63.33,5.46,90.79,mango
26,52,22,34.55,51.05,6.31,45.0,mothbeans
29,134,201,23.99,90.36,5.29,120.84,apple
52,74,72,13.21,15.36,6.91,82.44,chickpea
7,48,17,23.29,37.47,5.3,55.71,lentil
20,13,12,25.71,92.17,7.62,119.93,orange
35,44,41,24.15,50.15,6.7,57.27,tomato
17,83,22,27.11,28.98,5.92,124.52,kidneybeans
60,46,56,30.2,97.66,6.18,173.05,papaya
32,61,18,16.47,24.34,6.69,116.29,kidneybeans
25,7,36,19.81,82.74,6.57,49.35,pomegranate
67,36,38,28.11,88.7,7.26,196.4,jute
88,20,51,28.66,97.13,5.95,49.48,watermelon
41,40,33,23.08,61.18,6.91,64.89,sunflower
31,62,17,19.81,53.17,6.93,62.84,lentil
19,64,25,23.09,14.96,6.02,132.76,kidneybeans
28,55,28,32.95,36.8,6.79,47.94,mothbeans
37,83,85,17.59,14.4,6.86,81.42,chickpea
52,30,47,19.9,57.95,6.69,57.11,onion
79,59,40,21.42,89.62,6.77,188.88,rice
14,24,5,27.85,93.29,6.53,108.14,orange
35,62,71,21.67,15.71,7.14,66.44,chickpea
15,52,23,28.51,90.76,6.01,54.68,mungbean
66,62,47,22.59,73.43,7.18,216.56,rice
24,16,8,29.01,87.93,6.96,124.5,orange
19,50,20,24.29,38.21,6.51,53.29,lentil
97,28,44,25.05,87.83,6.47,44.17,watermelon
26,47,30,28.09,47.67,6.78,44.09,mothbeans
17,59,21,23.51,60.25,5.6,144.44,pigeonpeas
17,27,19,27.02,86.95,6.44,46.8,mungbean
51,40,38,15.28,62.35,5.4,49.21,sunflower
18,59,21,23.25,20.33,6.56,87.96,kidneybeans
90,83,56,28.95,80.04,5.43,119.56,banana
27,22,29,30.64,40.66,5.64,116.62,mango
125,38,17,29.67,77.97,6.68,97.56,cotton
18,13,31,28.22,92.3,4.52,166.92,coconut
23,26,28,33.31,44.07,5.63,101.82,mango
34,72,72,18.18,19.23,6.86,77.56,chickpea
27,129,204,25.86,87.62,6.34,76.93,grapes
21,131,209,29.81,74.55,5.88,79.47,grapes
32,56,89,19.02,12.31,7.09,59.61,chickpea
121,59,25,21.23,92.09,6.99,98.69,cotton
36,58,19,31.77,70.75,6.58,56.54,groundnut
49,57,51,35.9,89.29,6.47,162.99,papaya
20,64,20,23.93,21.63,5.71,128.88,kidneybeans
14,52,18,17.73,23.12,4.83,103.23,kidneybeans
42,44,51,20.74,69.49,6.28,64.66,onion
121,41,20,23.44,73.0,7.07,60.07,cotton
14,8,39,25.55,95.45,7.2,48.6,pomegranate
32,49,28,30.63,46.72,7.75,39.44,mothbeans
71,44,40,21.0,62.17,5.72,96.35,maize
74,58,43,19.28,67.69,6.21,92.5,potato
16,61,14,26.37,60.65,7.76,37.77,lentil
36,58,15,24.46,71.78,6.62,56.67,groundnut
32,75,20,21.16,28.8,5.73,110.15,kidneybeans
93,62,32,18.64,65.99,5.32,94.85,maize
19,72,24,23.65,58.46,7.24,46.85,lentil
57,55,39,43.85,94.35,6.69,167.38,papaya
15,51,20,22.38,49.02,6.57,48.41,lentil
24,81,15,31.23,32.64,5.28,110.82,pigeonpeas
19,64,14,17.77,21.42,6.75,118.29,kidneybeans
20,126,200,20.95,94.71,6.11,123.62,apple
62,51,88,17.48,20.86,7.18,64.0,chickpea
97,64,36,28.93,82.72,6.18,118.42,banana
21,33,27,34.62,43.57,6.37,42.46,mothbeans
7,5,34,31.04,97.71,6.16,179.47,coconut
44,52,54,26.72,52.15,6.5,51.53,onion
23,47,36,26.78,44.57,6.71,56.0,mothbeans
111,35,18,22.4,82.98,6.98,89.42,cotton
16,67,18,23.35,51.49,6.43,68.9,lentil
79,44,39,24.32,84.7,6.81,173.9,jute
12,13,45,17.29,88.83,6.21,47.48,pomegranate
92,19,55,22.38,93.57,6.18,23.46,muskmelon
90,36,34,25.55,84.57,6.76,335.58,rice
43,62,16,31.63,61.39,6.87,77.64,groundnut
49,28,62,20.22,62.77,6.83,75.38,onion
30,41,17,24.58,45.8,6.48,51.14,mothbeans
48,57,25,29.42,73.83,6.99,77.07,blackgram
98,23,34,22.24,74.0,5.72,137.29,coffee
93,18,55,27.64,87.18,6.16,56.57,watermelon
59,46,35,17.44,60.45,7.01,98.59,wheat
71,36,35,18.96,47.26,6.98,99.61,wheat
26,33,30,28.21,40.16,5.85,92.5,mango
74,53,43,23.94,82.59,7.14,202.25,rice
94,53,39,24.84,76.37,7.72,223.88,rice
28,50,17,29.97,49.1,7.96,48.16,mothbeans
18,20,26,31.97,50.49,6.76,101.22,mango
77,46,40,24.84,59.59,6.4,75.43,maize
54,61,34,21.16,70.94,6.69,71.76,barley
13,69,10,21.85,55.91,6.3,128.85,pigeonpeas
104,14,48,24.99,91.02,6.05,62.52,watermelon
24,46,20,27.61,90.64,6.15,41.94,mungbean
90,14,35,31.02,95.81,6.27,22.62,muskmelon
121,55,18,20.49,79.37,6.67,88.92,cotton
24,6,24,19.63,85.63,7.24,58.16,pomegranate
69,48,47,19.96,47.39,7.39,127.6,wheat
27,136,198,20.37,78.59,6.58,70.15,grapes
29,63,81,16.64,15.91,6.96,73.79,chickpea
46,64,56,16.88,11.81,6.35,56.44,chickpea
30,60,21,28.98,52.74,6.61,69.71,groundnut
114,61,13,28.38,86.08,7.76,56.18,cotton
110,56,12,23.0,76.52,6.54,75.8,cotton
72,44,29,20.62,65.2,6.76,136.93,wheat
22,139,206,21.74,76.17,5.27,76.88,grapes
23,142,198,19.42,94.04,5.85,119.31,apple
100,14,51,20.84,94.19,6.52,44.79,watermelon
19,59,13,24.76,33.83,5.94,118.03,pigeonpeas
30,149,214,33.69,77.39,5.59,63.11,grapes
23,18,4,23.76,94.85,7.11,92.05,orange
40,62,78,18.24,10.0,7.18,60.3,chickpea
34,125,189,24.35,94.12,6.39,138.34,apple
25,24,28,28.01,44.06,6.06,100.11,mango
88,80,62,30.81,94.33,5.64,156.48,banana
80,56,41,21.7,63.57,5.76,77.6,maize
26,23,14,22.67,89.91,6.94,136.77,orange
83,96,54,27.42,83.08,6.28,97.19,banana
58,66,44,26.15,83.84,6.21,71.45,tomato
63,42,47,17.12,69.98,6.53,105.58,wheat
43,58,63,20.06,51.42,6.72,58.95,onion
25,139,224,27.92,81.58,6.69,53.08,grapes
24,59,26,20.94,55.5,7.53,38.88,lentil
18,29,25,28.77,41.01,6.82,107.96,mango
71,41,39,24.0,85.81,7.22,187.88,jute
34,120,216,24.66,81.35,5.23,72.15,grapes
101,60,43,25.64,76.02,6.08,96.79,banana
59,59,48,15.43,60.76,6.48,65.65,barley
66,38,29,21.48,56.26,6.94,99.06,wheat
23,16,16,25.13,93.73,6.42,97.63,orange
77,53,27,18.62,56.64,6.27,115.99,maize
82,50,32,21.67,64.38,6.01,86.12,maize
43,69,83,18.67,23.39,6.62,64.85,chickpea
118,58,25,23.54,83.58,6.84,80.51,cotton
20,52,22,25.04,23.71,6.76,97.12,kidneybeans
76,64,39,21.28,57.98,7.16,79.2,barley
96,26,25,25.34,53.79,6.71,159.68,coffee
17,53,18,23.42,60.8,6.85,55.33,mothbeans
51,42,48,27.09,59.19,6.48,63.23,tomato
19,6,31,29.79,86.61,6.24,45.17,pomegranate
49,46,40,23.38,46.85,6.95,53.31,sunflower
78,65,34,19.87,54.4,5.3,66.24,maize
35,40,40,20.07,40.19,6.41,59.39,sunflower
63,45,24,16.64,40.61,6.17,115.21,wheat
36,142,200,24.6,87.09,7.26,101.15,apple
11,58,20,17.32,54.11,6.82,30.31,lentil
27,55,22,22.85,53.96,6.57,54.28,mothbeans
52,42,38,24.43,47.37,7.02,49.16,sunflower
74,44,27,21.75,54.47,6.58,91.24,maize
57,48,55,27.49,69.73,5.24,71.28,tomato
8,61,27,18.94,20.87,5.95,111.62,kidneybeans
74,32,36,24.3,83.05,6.54,221.98,jute
38,65,18,32.93,58.21,6.56,76.87,blackgram
53,49,32,14.69,61.44,7.36,118.37,wheat
26,50,18,25.15,83.29,6.1,50.48,mungbean
124,57,18,25.46,83.96,7.94,82.17,cotton
58,49,41,28.31,66.12,6.72,52.75,tomato
43,79,24,28.61,60.42,6.42,53.72,groundnut
73,49,26,19.92,62.14,5.94,92.29,maize
26,54,22,19.67,21.08,5.41,144.98,kidneybeans
89,14,63,26.14,89.03,6.02,54.48,watermelon
16,137,183,23.65,89.33,5.3,59.67,grapes
21,18,32,29.34,45.0,5.25,110.98,mango
59,34,34,17.86,61.95,6.7,107.04,wheat
36,58,23,27.7,63.41,7.15,50.58,blackgram
85,48,49,25.61,81.93,6.12,200.83,jute
116,45,28,20.87,81.02,7.18,87.8,cotton
63,55,29,15.1,54.6,8.05,63.32,barley
100,16,29,25.38,68.26,6.06,154.74,coffee
24,134,190,25.92,85.89,5.63,82.81,grapes
41,58,24,31.09,65.55,6.05,57.16,groundnut
10,44,26,25.7,81.98,6.32,37.85,mungbean
25,10,43,27.81,94.58,5.57,161.39,coconut
38,61,18,25.37,74.57,7.04,84.31,blackgram
20,38,18,28.1,86.34,6.05,61.97,mungbean
34,65,89,18.58,14.34,7.19,58.47,chickpea
25,67,22,25.46,21.58,6.12,111.23,kidneybeans
100,21,51,29.57,91.38,6.48,60.42,watermelon
29,10,19,27.73,92.91,6.43,197.4,coconut
90,23,40,22.54,97.61,5.84,26.47,muskmelon
87,45,34,22.04,59.51,6.52,88.19,maize
15,46,20,20.84,29.45,5.16,137.32,kidneybeans
48,58,56,20.57,79.21,5.97,79.35,potato
25,11,34,22.95,90.34,6.5,142.37,coconut
69,28,38,16.98,62.39,6.59,81.29,barley
37,70,79,16.73,14.15,7.13,52.24,chickpea
67,55,51,23.14,66.18,5.45,80.84,potato
56,34,37,26.94,41.2,6.74,65.39,sunflower
22,56,13,31.24,85.19,6.94,49.3,mungbean
73,48,52,22.54,69.38,5.92,62.85,potato
7,59,22,23.5,77.61,7.17,42.63,mungbean
123,49,9,30.3,77.12,6.63,76.17,cotton
64,45,47,25.01,66.95,6.52,65.73,tomato
35,62,86,14.69,18.1,7.49,67.3,chickpea
74,51,33,20.1,55.39,6.85,151.2,wheat
19,55,14,33.45,46.36,7.06,44.73,mothbeans
34,67,21,29.13,61.25,6.33,61.21,groundnut
77,28,46,26.02,88.17,7.32,163.5,jute
93,11,56,28.96,93.2,6.25,22.77,muskmelon
64,61,31,14.84,60.56,7.34,75.59,barley
35,52,27,31.66,59.38,7.44,72.01,blackgram
30,140,215,22.28,89.99,5.3,109.4,apple
107,46,22,25.33,75.67,6.04,85.2,cotton
36,54,49,28.18,67.28,6.53,81.29,tomato
46,63,70,16.65,23.29,6.79,80.38,chickpea
23,10,3,22.07,91.27,8.03,118.15,orange
22,10,18,26.73,96.69,5.92,164.16,coconut
53,68,51,35.44,92.47,7.08,118.46,papaya
57,49,39,23.0,40.17,6.57,65.97,sunflower
55,42,48,20.95,61.94,6.83,64.22,onion
22,79,22,16.85,60.9,7.62,81.52,lentil
25,64,81,19.35,14.45,7.01,37.68,chickpea
71,46,41,13.96,52.23,7.28,86.86,wheat
107,23,52,24.02,89.2,6.47,55.5,watermelon
22,14,11,30.03,94.18,7.5,111.42,orange
23,135,206,20.27,87.47,7.64,107.88,apple
67,25,35,27.4,73.67,6.3,82.63,maize
83,54,30,25.26,61.25,6.6,95.51,maize
14,11,36,19.66,91.53,5.98,25.43,pomegranate
59,56,42,25.9,63.53,5.95,77.17,tomato
13,55,25,31.13,49.34,7.08,44.6,mothbeans
56,57,58,21.87,69.16,7.08,82.45,onion
46,84,88,15.81,18.81,6.48,83.59,chickpea
68,75,29,16.57,49.7,7.17,80.29,barley
25,27,25,36.77,44.0,4.72,106.88,mango
26,49,20,25.47,46.24,6.4,55.4,mothbeans
76,45,31,21.67,76.45,7.38,248.07,rice
23,10,42,22.02,91.92,5.22,25.8,pomegranate
62,37,38,24.86,85.14,6.86,131.69,jute
36,32,35,22.25,53.02,6.72,63.39,sunflower
21,63,19,25.01,42.46,7.61,46.78,lentil
21,130,194,21.01,92.24,6.02,121.42,apple
27,62,22,23.95,61.9,6.46,95.71,groundnut
62,57,24,26.93,65.22,5.84,78.8,tomato
37,67,15,28.21,40.42,6.06,68.82,groundnut
41,68,22,30.64,63.69,6.61,63.41,groundnut
17,30,39,29.74,36.68,4.8,97.74,mango
64,42,41,15.06,63.27,6.12,120.58,wheat
121,54,19,24.45,79.53,7.32,69.98,cotton
31,76,19,29.83,68.53,7.38,79.46,blackgram
56,57,50,35.22,86.73,7.03,120.85,papaya
30,37,19,25.18,22.61,6.18,121.5,kidneybeans
20,70,29,26.55,52.6,4.92,82.16,pigeonpeas
17,70,24,19.33,58.52,7.53,40.84,lentil
31,58,20,26.6,50.68,6.56,59.98,groundnut
54,51,41,21.03,68.71,6.32,75.75,tomato
66,53,51,18.71,76.22,5.96,82.67,potato
85,47,41,24.16,83.6,6.81,184.99,jute
69,50,37,24.08,66.24,6.02,77.59,maize
71,46,40,22.34,54.93,6.66,79.98,maize
59,62,53,17.37,59.45,5.94,73.71,potato
85,62,41,26.92,70.19,6.24,65.97,maize
67,49,44,18.53,49.32,6.95,112.21,wheat
77,50,35,25.56,89.66,6.45,232.05,rice
22,121,201,21.32,93.95,5.77,135.78,apple
25,75,24,26.62,41.36,5.63,133.92,pigeonpeas
41,40,28,20.52,63.47,5.93,65.87,sunflower
13,72,6,18.11,46.09,7.12,50.23,lentil
51,43,54,21.82,62.24,6.42,45.35,onion
95,23,33,27.2,49.93,6.7,145.45,coffee
41,55,32,22.07,50.6,6.26,74.28,tomato
13,9,47,27.28,89.61,6.52,62.11,pomegranate
15,136,205,20.97,74.35,6.77,89.14,grapes
90,76,49,26.65,86.69,5.72,73.01,banana
65,51,49,16.49,71.06,6.19,73.58,potato
25,51,16,34.54,85.97,6.44,59.64,mungbean
52,30,24,20.23,53.17,6.14,56.45,sunflower
41,49,84,18.89,20.19,7.42,80.51,chickpea
21,58,25,21.72,44.36,6.03,48.55,lentil
27,45,28,28.18,55.28,7.29,54.57,mothbeans
26,64,14,21.04,50.69,6.98,51.92,lentil
35,82,15,25.94,69.41,6.17,67.65,blackgram
21,8,38,22.48,89.98,6.87,44.87,pomegranate
68,56,59,26.18,48.25,7.27,61.36,tomato
16,8,11,27.8,93.07,6.56,189.75,coconut
96,15,27,25.4,64.09,5.7,159.65,coffee
10,15,28,32.74,41.0,5.26,108.42,mango
19,27,31,33.68,51.9,5.19,85.92,mango
79,57,27,16.72,54.32,6.83,81.72,maize
118,51,22,25.71,86.94,6.55,72.9,cotton
20,47,18,27.07,77.26,6.61,49.6,mungbean
32,85,87,17.29,22.68,6.56,62.63,chickpea
53,65,21,32.09,57.42,6.3,65.8,groundnut
60,23,40,20.14,44.0,6.63,45.1,sunflower
24,12,9,27.36,95.52,6.79,139.4,orange
89,75,61,29.24,81.15,5.87,105.38,banana
115,19,51,25.8,86.71,7.15,44.72,watermelon
25,75,20,20.69,58.59,6.91,59.04,lentil
117,52,18,19.58,79.18,6.66,87.38,cotton
18,57,22,17.5,67.47,7.09,44.19,lentil
52,48,44,14.42,43.33,6.35,64.6,sunflower
15,74,12,18.1,54.77,6.48,47.64,lentil
17,13,9,25.16,92.38,7.22,107.41,orange
90,17,33,24.05,86.13,6.75,43.27,watermelon
43,50,33,20.85,66.89,6.76,69.25,sunflower
83,43,25,24.52,84.85,7.31,180.95,jute
23,16,9,26.61,89.14,6.66,110.93,orange
22,45,19,28.44,81.19,6.58,65.3,mungbean
86,23,30,26.56,65.35,6.29,158.59,coffee
28,40,22,27.74,91.29,6.66,47.65,mungbean
38,46,53,20.97,62.83,6.88,64.57,onion
88,67,29,12.03,58.85,7.22,88.23,barley
54,57,48,25.5,61.87,6.29,69.13,tomato
85,47,30,15.54,59.97,6.09,75.19,maize
26,73,24,25.1,49.36,5.82,109.89,pigeonpeas
40,45,35,21.36,39.95,6.48,33.73,sunflower
53,61,60,22.06,74.44,5.95,89.3,potato
19,7,34,26.55,94.76,6.14,186.63,coconut
34,43,17,32.53,57.12,6.02,75.17,groundnut
12,44,14,30.08,88.58,5.81,63.34,mungbean
29,126,218,29.55,82.52,5.77,65.27,grapes
114,72,34,27.58,72.78,6.18,108.23,banana
59,52,45,22.35,70.55,6.01,91.34,tomato
104,15,30,23.18,71.13,5.93,146.92,coffee
58,61,67,12.36,20.56,6.25,69.42,chickpea
29,69,88,14.24,17.92,7.38,75.19,chickpea
44,73,20,28.19,47.75,6.67,71.67,groundnut
42,61,20,30.62,55.39,6.69,72.16,groundnut
55,60,41,13.91,59.66,7.1,71.92,barley
21,48,18,33.36,48.1,6.41,48.9,mothbeans
19,34,26,30.22,53.83,5.51,102.29,mango
73,17,38,24.42,84.0,7.01,197.52,jute
49,56,70,26.07,71.89,6.85,55.78,tomato
30,36,29,30.27,55.58,5.63,82.65,mango
19,5,40,27.21,94.12,5.8,142.17,coconut
19,43,18,29.74,92.06,6.25,50.99,mungbean
113,74,39,26.03,72.56,5.55,107.78,banana
13,43,21,24.41,77.53,5.65,57.21,mungbean
49,61,56,25.89,63.29,6.93,73.93,tomato
44,38,30,24.39,39.22,6.55,61.33,sunflower
13,12,10,27.02,92.49,7.14,104.94,orange
20,65,19,20.64,42.05,6.29,36.11,lentil
24,51,16,28.45,56.49,6.75,67.58,groundnut
25,121,199,21.37,91.52,5.64,100.42,apple
14,79,18,32.36,49.37,4.89,147.84,pigeonpeas
25,7,32,22.06,92.49,6.58,42.89,pomegranate
25,25,34,32.62,53.57,6.01,75.93,mango
141,42,5,23.39,80.67,5.95,100.01,cotton
45,43,66,24.36,65.38,6.02,85.65,tomato
11,30,28,33.67,64.91,4.73,89.51,mango
56,42,41,25.96,72.54,7.89,79.82,tomato
47,60,28,30.46,60.46,6.18,71.27,groundnut
116,75,63,26.68,78.78,6.02,97.5,banana
23,79,77,19.28,22.99,6.45,64.36,chickpea
14,69,21,30.87,43.67,6.02,102.7,pigeonpeas
87,60,34,15.63,60.75,6.85,89.66,maize
109,22,44,29.03,88.17,6.76,24.41,muskmelon
69,61,34,17.9,74.17,6.55,136.25,wheat
126,44,22,22.55,75.91,7.06,104.74,cotton
83,48,41,17.48,60.12,6.36,71.2,wheat
24,7,26,22.83,94.12,5.46,181.98,coconut
76,43,45,21.47,65.86,6.48,90.65,maize
98,32,28,26.17,44.56,6.72,182.84,coffee
58,58,50,21.15,64.26,5.76,78.22,potato
49,61,48,23.86,60.36,5.96,84.8,potato
38,58,16,28.43,63.6,6.63,53.89,groundnut
20,124,218,24.79,83.88,5.94,63.17,grapes
99,21,28,25.78,66.56,7.0,193.72,coffee
109,17,34,26.47,57.61,7.19,152.89,coffee
18,133,220,22.84,94.43,6.55,128.55,apple
16,78,16,25.58,50.61,6.41,127.17,pigeonpeas
51,38,51,28.78,69.83,6.21,36.33,onion
101,63,44,26.08,74.91,6.34,116.21,banana
23,70,22,28.0,53.32,6.96,124.3,pigeonpeas
29,9,36,23.84,86.57,6.16,49.99,pomegranate
49,75,79,16.75,10.0,6.57,103.67,chickpea
31,129,192,20.01,91.28,5.78,118.3,apple
73,59,16,24.27,58.88,7.24,79.2,wheat
22,13,12,19.94,91.24,7.23,121.11,orange
20,10,44,21.35,91.69,6.43,58.23,pomegranate
52,37,59,29.11,59.62,6.96,66.68,tomato
52,43,49,25.34,76.57,6.85,69.39,onion
70,45,39,23.64,63.33,6.02,84.12,maize
21,59,23,24.79,63.75,5.46,134.39,pigeonpeas
108,73,47,27.89,84.08,6.24,120.8,banana
55,38,35,25.17,53.77,5.67,65.55,tomato
64,60,34,13.77,47.55,7.04,74.39,wheat
68,69,40,15.06,54.99,6.5,89.07,barley
101,12,23,27.17,57.54,6.79,138.16,coffee
57,28,40,20.94,40.15,6.79,69.29,sunflower
19,130,183,16.22,94.18,6.29,117.01,apple
60,60,51,29.66,91.07,6.7,133.42,papaya
89,49,35,24.12,66.63,6.68,94.31,maize
89,17,30,23.3,70.97,5.3,144.43,coffee
110,14,57,33.43,95.64,6.44,22.35,muskmelon
19,12,20,26.16,89.69,5.65,196.05,coconut
62,37,38,26.49,76.72,6.82,190.27,jute
73,62,30,23.02,63.35,6.52,98.88,wheat
51,48,55,20.02,60.03,6.51,52.2,onion
35,61,22,32.89,57.64,7.88,77.67,blackgram
93,79,53,25.38,87.1,6.12,114.6,banana
21,14,30,29.27,92.27,5.9,217.11,coconut
47,60,16,32.87,68.98,6.59,73.81,blackgram
30,51,65,13.93,13.45,7.78,67.11,chickpea
50,50,53,20.13,69.34,6.77,88.77,potato
71,51,49,23.03,72.73,5.37,81.19,potato
52,37,50,16.49,71.02,6.28,65.42,onion
24,8,40,30.09,95.1,6.77,224.58,coconut
19,11,13,21.81,91.59,7.12,130.3,orange
18,12,44,21.43,89.16,7.25,49.33,pomegranate
106,58,29,23.3,78.15,7.24,88.26,cotton
23,130,206,18.95,93.87,6.82,107.41,apple
36,63,52,30.85,89.23,6.79,156.99,papaya
16,9,8,24.01,84.89,6.92,123.87,orange
42,70,19,25.73,70.06,7.3,50.58,blackgram
29,58,59,21.65,54.66,5.65,52.71,onion
29,57,20,21.09,83.19,7.58,47.69,mungbean
92,48,33,21.94,62.88,6.6,65.76,maize
48,56,60,24.87,60.38,6.24,39.2,onion
25,16,6,24.58,98.05,7.04,105.09,orange
33,11,28,26.89,93.74,6.05,179.07,coconut
19,7,32,28.82,97.82,6.38,176.66,coconut
62,60,31,15.93,53.61,7.09,74.46,barley
107,39,22,26.82,86.1,6.7,88.94,cotton
45,39,53,33.89,96.04,6.95,120.43,papaya
50,54,46,18.59,72.56,5.27,77.25,potato
61,45,42,18.9,47.39,6.71,71.61,sunflower
61,54,73,18.0,64.59,6.28,72.86,potato
41,54,18,26.27,53.9,6.56,58.25,sunflower
42,52,55,27.61,45.94,6.38,58.98,tomato
94,15,40,27.33,95.23,6.4,31.88,muskmelon
114,16,29,25.49,66.91,6.51,139.5,coffee
42,66,73,21.15,25.28,6.81,65.82,chickpea
18,64,19,31.66,41.39,5.54,150.73,pigeonpeas
117,34,21,25.65,83.63,7.14,75.93,cotton
48,55,26,25.93,58.53,6.38,61.93,groundnut
43,49,25,27.31,56.96,6.72,70.91,groundnut
46,55,13,29.6,50.62,7.22,67.96,groundnut
105,11,47,25.62,91.89,5.41,51.66,watermelon
40,57,26,29.08,51.73,6.18,64.27,groundnut
22,66,17,23.11,38.62,6.31,46.02,lentil
60,50,56,36.46,89.08,7.59,154.63,papaya
20,40,18,25.82,61.63,6.44,46.54,mothbeans
62,45,35,22.48,57.81,6.83,77.01,maize
27,117,221,17.56,78.58,5.95,79.12,grapes
21,135,220,20.5,93.6,5.48,146.69,apple
83,47,29,16.91,60.77,6.91,101.8,barley
84,53,41,24.02,64.03,5.59,86.86,maize
23,143,214,26.48,74.47,5.98,69.1,grapes
21,12,34,25.03,91.97,5.87,198.42,coconut
25,66,19,11.14,18.79,5.49,105.33,kidneybeans
53,43,32,24.54,48.22,6.17,45.32,sunflower
25,146,176,22.6,86.11,6.17,76.8,grapes
92,35,36,24.02,82.23,6.27,238.69,rice
96,19,47,24.73,100.0,6.21,10.0,muskmelon
78,40,30,26.33,85.72,7.2,180.0,jute
22,58,20,22.01,62.22,7.24,57.61,lentil
71,46,30,22.37,76.37,6.36,86.21,maize
56,46,52,24.94,49.83,6.02,70.06,tomato
53,66,47,21.51,86.79,5.72,80.83,potato
12,50,23,22.62,23.82,4.94,114.62,kidneybeans
37,60,25,29.13,71.44,7.57,84.34,blackgram
22,11,7,27.84,91.76,7.11,105.4,orange
15,48,19,19.62,22.51,5.65,129.5,kidneybeans
16,12,40,19.94,88.94,6.46,24.35,pomegranate
25,70,64,17.79,10.16,7.79,88.67,chickpea
82,41,31,22.06,76.59,7.34,246.45,rice
32,70,20,31.54,68.75,6.52,148.98,pigeonpeas
20,16,9,20.82,93.54,7.77,116.14,orange
99,20,47,28.81,87.47,6.12,19.58,muskmelon
89,20,53,27.55,94.26,6.19,44.67,watermelon
97,84,51,28.42,85.16,6.16,80.59,banana
28,70,17,28.18,54.41,7.7,57.11,blackgram
24,66,29,31.08,44.77,6.02,129.05,pigeonpeas
27,56,28,32.37,55.76,6.66,36.11,mothbeans
108,66,44,28.99,76.19,5.88,131.52,banana
17,52,13,28.55,87.26,7.18,42.29,mungbean
14,39,17,25.17,82.26,6.41,58.37,mungbean
49,67,16,29.08,65.87,6.72,86.92,blackgram
16,64,22,32.51,47.18,6.08,57.51,mothbeans
93,23,48,30.77,92.0,6.31,49.9,watermelon
48,68,77,34.35,88.06,6.57,162.51,papaya
109,56,10,19.18,77.56,7.08,103.88,cotton
72,45,41,15.59,86.96,6.73,93.35,maize
24,56,25,31.91,50.07,7.1,34.81,mothbeans
13,51,27,28.99,41.23,6.96,46.69,mothbeans
36,65,23,27.81,44.12,6.66,69.22,groundnut
47,40,53,20.35,58.96,6.81,51.02,onion
24,7,21,25.14,92.75,6.26,208.81,coconut
24,61,16,29.92,43.0,6.87,50.31,mothbeans
17,60,19,21.47,49.93,6.95,68.13,lentil
21,69,16,18.76,18.38,5.96,114.62,kidneybeans
121,37,18,22.97,77.86,7.8,73.4,cotton
66,59,44,22.66,57.76,5.31,64.69,potato
49,69,64,14.65,16.07,7.12,74.15,chickpea
23,68,19,16.1,51.86,6.42,28.1,lentil
79,38,36,24.14,77.7,6.31,250.19,rice
49,34,40,27.94,51.49,6.54,68.49,sunflower
17,68,22,27.7,49.54,6.25,125.38,pigeonpeas
20,70,20,13.74,51.28,7.91,46.4,lentil
21,131,236,21.55,92.2,7.0,74.03,grapes
92,67,46,27.15,85.97,5.46,93.6,banana
100,22,51,27.37,91.73,5.79,56.37,watermelon
21,30,28,34.04,44.32,4.74,93.64,mango
95,28,42,22.96,82.96,6.32,44.96,watermelon
15,64,16,19.35,29.71,6.3,133.53,kidneybeans
95,23,51,26.41,94.41,6.07,25.76,muskmelon
16,64,14,20.51,51.6,6.37,135.24,pigeonpeas
13,11,48,20.31,91.89,5.74,41.8,pomegranate
23,139,200,27.81,73.13,4.04,77.84,grapes
121,39,19,25.38,84.54,7.13,74.3,cotton
26,57,77,15.11,19.53,6.71,107.48,chickpea
12,23,7,24.51,92.77,6.88,105.65,orange
97,19,27,26.8,54.24,6.22,145.8,coffee
46,44,18,32.15,50.91,7.12,79.15,groundnut
25,140,196,26.52,81.8,5.95,77.59,grapes
54,68,81,20.08,10.65,7.68,78.03,chickpea
48,44,67,20.03,66.51,6.72,49.97,onion
93,27,51,27.99,84.01,6.98,63.01,watermelon
45,63,51,29.6,93.38,6.36,168.78,papaya
56,33,48,25.32,71.07,7.03,111.9,wheat
92,50,35,28.65,82.58,7.09,222.03,rice
15,64,21,34.28,37.9,6.7,149.46,pigeonpeas
12,57,21,13.6,58.1,6.72,82.43,lentil
112,19,38,29.1,92.73,6.16,29.59,muskmelon
74,44,41,19.66,74.96,6.14,213.6,rice
32,54,44,36.83,91.97,7.25,123.5,papaya
16,42,17,26.84,81.82,6.58,53.6,mungbean
81,44,37,27.6,83.4,6.02,172.17,jute
71,45,42,22.31,77.89,6.62,227.35,rice
28,60,33,36.56,42.51,7.31,53.83,mothbeans
16,68,18,15.54,11.75,6.43,129.25,kidneybeans
100,71,77,28.35,77.95,5.58,62.39,banana
95,26,30,28.86,65.9,6.18,161.02,coffee
26,57,18,21.43,16.68,6.31,104.16,kidneybeans
15,53,21,25.47,50.82,5.71,94.38,pigeonpeas
56,57,38,26.11,71.19,6.29,57.41,tomato
123,39,15,25.43,81.09,6.68,58.42,cotton
12,38,23,31.03,49.74,6.76,80.13,mango
88,48,48,23.21,95.6,6.81,194.29,rice
19,31,41,27.8,49.17,5.21,123.88,mango
52,42,64,23.39,58.86,6.06,78.8,potato
74,49,48,17.49,66.78,6.43,106.29,maize
135,32,27,23.24,74.26,6.9,69.16,cotton
35,52,14,29.36,67.31,7.28,72.41,blackgram
126,53,26,22.76,75.28,6.98,66.91,cotton
69,75,31,17.42,47.59,7.22,66.22,barley
114,76,50,30.27,72.84,5.49,67.68,banana
100,25,43,29.0,86.87,6.16,58.19,watermelon
15,8,31,22.12,87.68,6.89,46.4,pomegranate
115,22,29,23.22,59.29,6.4,134.83,coffee
48,28,33,21.71,40.14,6.68,62.8,sunflower
88,42,43,27.54,84.4,6.35,206.02,jute
50,30,40,23.57,48.63,6.33,57.88,sunflower
74,50,38,17.67,48.93,5.92,71.69,maize
16,81,23,23.31,24.46,5.0,125.92,kidneybeans
81,49,30,22.97,56.75,6.79,83.03,maize
56,42,51,17.95,68.19,6.53,49.13,onion
17,68,18,13.98,46.89,6.65,56.34,lentil
101,71,50,27.3,77.11,5.64,91.03,banana
25,62,21,36.19,65.95,7.33,68.05,blackgram
147,49,23,27.52,80.09,7.32,90.77,cotton
104,19,50,30.79,90.02,6.17,24.9,muskmelon
57,46,37,13.85,60.46,7.59,71.3,barley
70,53,54,22.02,64.97,5.92,96.01,potato
24,11,34,22.75,93.15,6.09,44.43,pomegranate
70,49,39,16.88,53.12,6.69,69.64,barley
102,55,48,26.59,73.18,5.63,116.19,banana
20,147,196,18.99,90.92,5.35,131.51,apple
44,58,46,37.62,90.57,6.48,188.85,papaya
39,45,28,31.6,44.72,6.36,62.64,groundnut
43,57,55,32.97,95.24,6.4,124.96,papaya
26,62,24,32.91,60.49,5.34,124.93,pigeonpeas
18,13,9,24.01,87.78,6.78,108.54,orange
12,17,11,23.7,87.51,7.0,109.88,orange
31,129,217,25.4,93.29,6.25,116.34,apple
19,9,34,20.52,89.08,6.5,43.93,pomegranate
28,9,11,29.44,94.28,7.33,118.82,orange
18,35,24,25.49,84.71,6.68,52.0,mungbean
44,32,34,20.89,51.43,6.47,73.6,sunflower
104,22,51,33.0,91.46,6.65,31.44,muskmelon
38,52,21,29.35,57.93,7.59,63.78,blackgram
15,78,23,18.34,58.01,6.55,42.18,lentil
44,58,60,35.49,88.76,6.39,138.01,papaya
107,18,48,25.59,86.89,6.32,47.3,watermelon
98,12,27,25.76,55.74,6.51,174.8,coffee
24,124,192,22.09,92.34,5.77,105.9,apple
16,13,37,19.6,90.96,6.45,42.95,pomegranate
25,43,19,32.53,39.59,5.23,47.73,mothbeans
67,61,52,21.25,61.27,5.7,90.75,potato
38,70,54,36.36,93.77,6.87,179.21,papaya
28,60,15,25.49,42.03,6.17,57.53,mothbeans
30,8,24,27.59,97.15,6.46,155.96,coconut
58,40,37,25.74,64.78,6.58,73.28,tomato
65,54,39,28.77,95.23,6.66,144.93,papaya
29,48,19,28.64,33.63,6.33,57.33,mothbeans
11,40,21,33.15,84.51,6.63,59.52,mungbean
20,6,36,22.62,93.99,6.33,48.27,pomegranate
95,19,60,28.6,90.91,6.14,40.39,watermelon
54,65,54,16.16,56.9,6.91,106.69,wheat
22,5,23,31.11,96.38,5.63,190.46,coconut
15,9,48,21.19,95.31,7.22,34.21,pomegranate
17,10,29,30.34,96.49,5.08,148.38,coconut
17,74,28,26.79,55.45,5.31,145.09,pigeonpeas
51,56,81,14.71,14.06,6.67,65.88,chickpea
100,15,46,21.78,90.31,6.92,39.03,watermelon
31,68,18,33.81,67.95,6.51,84.25,blackgram
109,30,52,27.8,94.15,6.39,51.82,watermelon
51,64,59,16.92,16.68,6.6,67.27,chickpea
81,67,24,26.73,74.29,6.02,67.5,banana
56,61,31,18.0,58.7,6.31,69.84,barley
64,40,32,12.99,56.66,7.03,69.17,barley
81,34,40,20.4,85.68,5.83,201.76,jute
23,68,21,29.94,44.14,7.05,69.6,mothbeans
104,25,28,26.31,64.52,6.94,160.79,coffee
68,58,34,24.01,57.5,5.42,102.27,maize
45,50,58,23.43,60.27,6.95,58.81,onion
14,61,13,20.12,14.89,6.03,106.13,kidneybeans
79,37,43,26.21,78.36,6.84,228.72,jute
40,63,30,27.02,58.28,6.7,70.32,blackgram
25,14,14,27.22,89.79,7.22,168.3,coconut
104,13,49,27.89,90.42,5.99,22.71,muskmelon
77,64,43,20.63,60.78,6.43,75.02,maize
101,8,49,28.69,91.74,6.17,17.43,muskmelon
49,39,49,22.87,60.0,6.58,54.67,tomato
35,72,83,15.88,13.44,6.96,61.55,chickpea
103,17,58,30.91,93.24,6.42,30.26,muskmelon
25,144,173,21.8,79.24,5.81,82.4,grapes
48,51,59,28.16,72.25,6.34,66.72,tomato
88,41,40,22.57,84.39,6.67,251.13,rice
23,123,198,19.37,81.62,6.75,68.89,grapes
111,17,34,29.12,51.46,6.65,214.98,coffee
15,29,18,27.32,88.58,5.94,34.8,mungbean
12,55,17,21.89,50.38,5.85,96.54,pigeonpeas
84,36,41,17.01,72.23,6.76,73.64,maize
29,52,18,23.72,86.97,6.83,43.68,mungbean
84,42,37,23.52,72.42,7.58,95.89,maize
26,52,14,23.54,25.66,6.43,132.01,kidneybeans
30,129,202,21.26,93.71,5.66,124.91,apple
30,64,19,21.03,28.22,5.41,110.22,kidneybeans
34,75,85,23.55,16.12,7.27,76.47,chickpea
48,78,84,19.08,25.81,7.0,57.27,chickpea
21,65,12,32.07,45.11,6.3,98.74,pigeonpeas
48,60,58,33.66,92.05,6.56,158.61,papaya
19,6,31,22.15,93.43,7.06,41.11,pomegranate
85,15,40,29.24,88.66,6.57,23.51,muskmelon
47,68,19,28.82,64.93,6.84,50.37,groundnut
44,37,35,21.46,72.16,7.09,62.28,onion
17,73,21,25.05,49.95,6.47,126.23,pigeonpeas
14,9,33,27.83,93.84,6.1,182.68,coconut
22,4,25,26.41,95.62,5.8,154.07,coconut
97,67,71,27.48,75.75,6.35,115.38,banana
21,47,16,27.86,78.83,7.06,36.44,mungbean
66,49,36,21.02,65.72,6.48,92.45,barley
67,49,42,19.89,64.85,6.04,77.57,potato
65,49,59,17.07,57.08,6.61,52.14,onion
22,133,186,20.16,88.21,6.36,75.66,grapes
52,42,32,21.3,42.32,6.92,42.59,sunflower
81,49,40,21.85,52.59,6.83,76.41,maize
35,56,17,30.2,57.77,6.78,53.4,groundnut
103,25,48,21.99,92.45,6.73,50.72,watermelon
95,12,48,26.78,97.55,5.93,25.82,muskmelon
20,147,205,25.43,80.75,6.15,77.8,grapes
70,43,40,22.49,74.25,6.53,188.13,rice
17,50,18,31.62,37.78,5.37,132.53,pigeonpeas
13,49,22,27.36,53.04,6.41,135.31,pigeonpeas
52,67,45,32.63,94.38,6.9,131.88,papaya
67,58,50,19.89,72.76,5.81,89.86,potato
24,27,28,38.44,49.25,6.38,93.98,mango
25,134,185,28.41,90.99,5.85,104.8,apple
96,13,31,28.77,56.18,6.84,173.91,coffee
43,36,51,21.95,58.06,6.05,77.22,onion
21,61,16,21.82,18.22,5.75,141.7,kidneybeans
38,32,38,19.16,62.88,7.09,73.33,sunflower
61,68,56,35.64,90.92,6.22,145.98,papaya
39,56,25,28.53,56.52,6.79,76.19,blackgram
17,12,41,29.76,90.97,6.43,163.42,coconut
22,13,10,23.33,92.45,7.62,124.53,orange
28,7,38,30.25,89.15,6.05,170.01,coconut
13,71,23,29.15,42.04,6.15,106.34,pigeonpeas
39,55,18,35.99,70.0,6.55,58.92,groundnut
102,23,53,22.9,92.6,6.67,39.29,watermelon
52,51,60,25.65,91.74,7.26,122.72,papaya
94,20,44,28.68,91.7,6.49,21.32,muskmelon
76,46,27,23.54,61.27,5.62,46.92,maize
5,56,14,27.23,45.7,6.48,92.81,pigeonpeas
66,84,40,15.06,62.37,7.19,86.3,barley
108,16,46,25.79,91.83,6.37,26.65,muskmelon
71,54,36,16.07,59.38,6.53,96.71,barley
86,44,41,24.04,82.49,6.11,220.74,rice
55,52,60,22.46,66.14,7.09,67.88,onion
19,51,19,19.85,22.8,6.13,104.41,kidneybeans
26,148,201,23.79,89.07,6.38,102.1,apple
66,54,58,27.4,66.45,5.75,67.38,tomato
109,82,56,25.74,76.47,5.48,101.68,banana
94,17,54,30.87,87.92,5.97,56.31,watermelon
71,43,42,20.61,46.02,6.63,95.26,barley
15,58,16,23.15,86.9,6.17,53.21,mungbean
90,73,52,26.45,82.93,6.11,136.65,banana
91,14,30,25.96,55.63,6.89,169.31,coffee
29,115,190,21.64,96.1,5.98,116.75,apple
20,17,42,21.36,87.3,5.78,30.09,pomegranate
17,66,24,29.5,42.97,6.45,117.25,pigeonpeas
39,32,41,24.06,45.57,6.86,68.88,sunflower
17,11,35,27.42,92.6,6.23,169.95,coconut
24,9,17,27.57,86.95,6.72,122.24,orange
59,55,34,28.17,85.15,7.03,170.22,jute
38,51,27,35.04,59.7,7.06,63.2,blackgram
25,119,205,23.17,87.23,6.39,70.04,grapes
18,35,32,33.02,48.97,5.77,96.05,mango
131,49,10,24.83,76.14,7.44,58.32,cotton
79,35,19,20.8,49.06,6.71,76.6,wheat
18,55,20,29.98,93.83,6.92,50.93,mungbean
61,71,30,18.93,65.07,6.97,96.29,wheat
74,45,34,22.67,83.89,6.88,192.34,rice
43,64,23,31.0,82.61,6.59,52.89,blackgram
18,12,21,28.25,100.0,6.28,195.95,coconut
102,24,27,21.46,64.68,6.03,132.23,coffee
66,59,40,16.23,60.94,7.19,61.44,barley
23,76,24,28.75,48.15,5.65,159.42,pigeonpeas
35,64,16,27.43,57.59,6.1,51.88,groundnut
68,51,49,15.55,62.95,6.64,100.57,wheat
57,45,40,15.85,55.26,6.7,76.54,barley
62,50,37,21.97,85.06,7.02,247.94,rice
59,46,48,25.52,62.18,6.53,66.25,tomato
20,41,21,27.35,80.3,7.03,59.29,mungbean
36,51,26,22.64,46.93,6.4,49.4,groundnut
39,68,29,25.68,63.65,6.05,71.93,blackgram
19,131,167,26.93,85.3,6.37,71.05,grapes
51,53,47,16.06,56.85,6.5,70.75,barley
17,36,25,26.51,78.66,6.43,50.68,mungbean
23,76,29,30.53,59.3,5.65,106.87,pigeonpeas
62,51,42,17.01,57.53,7.19,56.97,barley
46,42,41,23.37,64.58,7.04,65.23,sunflower
28,69,8,22.05,59.22,6.71,58.62,groundnut
57,48,47,15.01,80.74,5.89,95.5,potato
14,26,28,26.77,44.48,5.71,98.28,mango
28,61,22,18.12,28.43,5.67,124.16,kidneybeans
86,46,38,16.25,51.88,6.54,75.52,wheat
45,70,66,15.12,16.39,7.04,58.05,chickpea
40,56,93,23.69,17.78,7.41,77.63,chickpea
68,57,47,15.64,49.35,6.07,110.16,wheat
40,45,37,19.0,39.98,6.41,47.96,sunflower
23,30,37,29.63,55.54,5.66,117.86,mango
58,28,43,25.48,59.95,7.14,101.64,wheat
35,66,20,29.97,70.27,7.19,84.47,blackgram
27,23,33,36.3,38.98,5.63,117.13,mango
23,8,29,23.6,89.75,6.52,50.88,pomegranate
83,28,46,26.65,86.93,7.34,189.05,jute
32,48,17,36.47,78.41,6.51,51.8,mungbean
26,70,25,20.87,22.16,6.24,130.98,kidneybeans
20,137,202,14.91,84.14,6.2,75.2,grapes
63,44,57,22.13,56.77,6.81,40.38,onion
103,79,53,30.25,81.18,5.85,81.68,banana
70,29,33,25.3,78.71,5.59,97.45,maize
43,50,88,18.76,23.92,7.18,91.52,chickpea
29,131,199,21.24,91.37,6.3,115.51,apple
64,42,49,24.43,69.05,6.07,70.9,tomato
24,53,22,29.86,34.71,6.06,120.63,pigeonpeas
50,56,57,19.73,61.57,5.96,87.18,potato
90,23,27,24.84,56.77,6.09,174.48,coffee
80,61,41,26.29,86.75,6.69,205.88,jute
16,47,28,29.49,48.64,6.88,56.96,mothbeans
88,44,41,26.73,85.36,7.19,192.28,jute
27,12,34,29.23,94.72,5.07,178.19,coconut
25,53,23,22.11,31.26,5.59,103.54,kidneybeans
85,44,36,17.15,49.24,6.43,79.92,wheat
84,46,43,28.57,80.83,6.38,267.38,rice
22,30,35,27.74,64.02,4.55,88.47,mango
76,48,40,23.78,44.42,6.53,92.92,maize
40,39,25,21.4,40.01,6.6,53.21,sunflower
21,32,33,31.49,60.82,4.62,130.78,mango
40,43,52,24.18,42.35,6.51,52.74,onion
50,74,40,29.28,88.64,7.28,185.12,papaya
51,42,42,25.04,59.24,6.54,66.2,tomato
20,56,12,21.41,31.86,6.03,129.14,kidneybeans
19,46,21,25.35,85.66,6.35,36.8,mungbean
80,77,46,27.63,82.92,6.51,69.86,banana
60,65,53,35.85,90.8,6.78,131.95,papaya
96,70,52,25.84,82.0,5.47,95.22,banana
76,23,28,24.56,57.48,6.62,144.95,coffee
123,51,19,23.2,88.32,7.22,101.77,cotton
18,51,28,30.04,38.11,7.13,57.31,mothbeans
57,57,32,14.78,47.03,7.26,92.88,barley
17,17,8,19.98,90.58,6.57,114.01,orange
15,9,33,14.29,93.08,6.5,55.98,pomegranate
22,50,19,20.43,56.8,7.15,55.83,lentil
30,123,185,21.08,89.1,6.28,92.57,apple
101,13,50,27.16,89.38,6.79,50.99,watermelon
70,62,40,16.06,60.38,7.24,74.69,barley
21,15,8,23.51,92.22,7.98,114.52,orange
86,47,30,18.87,51.24,7.23,73.45,maize
24,7,31,25.16,99.55,5.21,210.81,coconut
21,27,37,34.91,39.64,5.21,108.68,mango
46,62,18,29.88,65.12,6.68,75.79,blackgram
80,22,44,23.89,76.37,6.47,168.6,jute
69,56,31,19.15,61.33,7.0,105.78,wheat
66,44,39,24.86,68.59,6.56,97.74,maize
29,60,26,30.45,63.24,6.75,78.99,blackgram
23,28,30,31.19,50.65,6.04,104.01,mango
18,61,18,24.8,56.42,7.23,35.84,lentil
9,17,6,24.98,91.06,7.26,113.42,orange
119,46,9,22.74,85.02,6.83,68.94,cotton
49,33,47,23.58,42.45,5.91,72.53,sunflower
30,139,199,19.98,77.01,6.14,78.42,grapes
95,13,46,25.28,91.07,6.6,41.72,watermelon
14,10,28,30.36,97.78,5.68,189.32,coconut
59,51,44,14.82,76.57,5.06,79.93,potato
109,37,25,18.52,88.09,6.86,68.41,cotton
21,63,24,27.65,46.92,6.32,147.52,pigeonpeas
71,47,25,22.64,65.01,5.79,99.89,maize
76,24,58,24.7,89.15,6.3,199.93,jute
68,45,32,19.38,45.48,7.66,66.49,barley
15,25,31,31.54,53.47,6.68,92.38,mango
122,44,13,26.61,83.72,6.73,90.61,cotton
72,47,33,22.34,76.01,7.48,221.06,rice
60,39,48,20.43,64.57,7.29,47.6,onion
21,45,19,20.54,83.89,6.89,43.69,mungbean
129,45,30,22.69,75.5,7.17,69.88,cotton
108,20,56,22.82,91.52,6.29,22.76,muskmelon
75,37,39,21.77,63.74,7.8,94.48,maize
7,60,28,18.25,40.61,6.7,70.68,lentil
106,14,26,27.51,55.5,7.06,169.49,coffee
24,27,33,30.69,58.57,5.95,89.81,mango
25,130,185,25.31,88.98,6.22,75.31,grapes
50,56,50,34.36,89.13,6.64,151.55,papaya
14,62,14,18.4,24.5,5.31,144.08,kidneybeans
23,40,14,22.61,73.88,6.29,46.99,mungbean
104,21,40,24.82,88.51,5.79,40.19,watermelon
68,69,42,18.37,55.67,7.56,86.15,barley
97,76,42,27.21,80.75,5.4,119.91,banana
126,42,29,26.23,86.23,6.77,95.87,cotton
60,55,50,18.04,68.9,5.93,79.91,potato
48,57,18,29.98,53.94,6.53,39.8,groundnut
23,15,38,26.54,96.42,5.84,231.37,coconut
20,41,32,33.76,41.77,6.64,54.17,mothbeans
86,52,38,24.98,75.74,6.96,214.45,rice
90,15,48,24.5,96.41,5.87,35.77,muskmelon
18,67,20,27.18,80.82,6.94,58.67,mungbean
131,45,17,23.46,71.27,6.93,90.33,cotton
67,45,63,27.36,79.38,6.27,74.05,tomato
15,66,21,18.43,60.82,7.01,50.39,lentil
25,67,26,28.87,40.74,5.2,98.97,pigeonpeas
69,59,37,18.8,62.57,6.53,119.84,wheat
18,71,12,13.79,22.45,5.58,120.12,kidneybeans
110,21,56,26.03,94.23,6.66,50.13,watermelon
40,38,21,28.96,64.55,6.85,78.07,blackgram
52,59,53,21.63,69.68,6.76,74.94,onion
102,19,20,22.86,66.36,7.47,167.34,coffee
11,23,29,34.0,51.51,6.6,84.47,mango
52,60,47,31.5,88.75,6.35,158.1,papaya
19,75,21,28.63,41.27,6.14,150.71,pigeonpeas
13,9,35,23.42,89.35,6.23,37.87,pomegranate
81,55,37,20.32,37.21,7.26,65.21,wheat
103,19,48,33.49,93.48,6.01,26.99,muskmelon
42,56,32,18.54,49.25,6.95,60.17,sunflower
21,42,26,25.86,44.51,6.37,49.3,mothbeans
22,23,38,29.69,59.15,5.89,103.78,mango
100,16,51,22.27,86.22,6.76,39.84,watermelon
60,51,55,20.47,61.97,5.61,56.02,potato
87,57,35,26.89,84.06,6.91,276.9,rice
102,15,45,25.05,82.3,7.0,17.0,muskmelon
76,39,35,23.74,58.47,6.89,117.4,wheat
12,32,17,23.1,82.88,6.7,41.09,mungbean
46,65,29,28.41,70.74,6.96,82.33,blackgram
20,143,174,21.77,90.39,5.78,61.85,grapes
83,44,42,25.91,95.8,6.77,198.73,jute
43,49,70,17.15,15.5,6.52,80.83,chickpea
59,36,56,21.62,68.34,7.04,61.21,onion
74,34,29,26.14,78.51,6.5,191.76,jute
32,58,22,26.38,69.85,6.66,65.17,blackgram
45,40,55,23.54,70.01,6.62,43.88,onion
109,54,18,26.54,82.68,6.66,71.2,cotton
66,75,38,15.43,52.14,6.93,100.59,barley
26,71,15,19.07,45.09,6.45,59.79,lentil
14,16,8,24.71,96.84,6.72,110.9,orange
27,143,207,25.41,77.07,6.26,96.56,grapes
66,57,36,20.47,42.19,6.67,78.45,barley
85,37,31,19.69,58.42,6.61,87.09,maize
20,63,17,25.52,44.5,5.19,128.48,pigeonpeas
61,51,45,17.67,46.11,7.1,87.47,barley
106,9,35,28.05,56.14,6.62,142.18,coffee
28,62,21,28.2,35.53,6.91,54.24,mothbeans
14,13,30,26.59,96.29,6.12,199.18,coconut
52,47,12,25.5,70.39,7.45,64.87,blackgram
23,19,12,24.07,88.73,6.12,106.06,orange
101,21,21,21.39,61.15,6.89,146.57,coffee
101,20,51,22.79,87.89,6.5,48.05,watermelon
33,55,22,35.35,52.27,6.68,59.44,groundnut
39,56,23,28.18,63.8,7.56,85.39,blackgram
89,42,38,22.82,74.68,6.65,227.83,rice
13,51,16,27.38,79.84,6.83,41.63,mungbean
25,47,25,25.99,84.73,6.13,50.07,mungbean
21,66,15,17.84,66.4,6.8,57.82,lentil
20,4,28,22.29,90.52,7.13,44.0,pomegranate
45,72,77,15.48,12.57,7.21,93.43,chickpea
65,38,41,24.68,65.79,6.39,74.34,tomato
83,29,38,23.55,86.43,6.93,189.62,jute
18,20,30,29.45,55.32,6.9,88.2,mango
97,76,58,24.61,74.94,5.23,89.02,banana
20,38,23,34.39,63.31,5.64,112.89,mango
22,127,183,20.53,88.61,5.94,93.9,apple
56,35,40,11.31,55.76,6.89,90.19,barley
123,13,41,26.7,98.47,6.17,47.34,watermelon
75,46,45,23.27,88.99,6.64,204.23,jute
14,8,41,20.1,91.73,6.86,45.36,pomegranate
61,42,43,26.95,74.63,7.29,80.56,tomato
18,62,21,24.96,51.12,7.3,36.1,lentil
76,52,39,19.59,75.45,6.06,89.68,maize
21,57,16,17.77,20.93,4.0,109.48,kidneybeans
69,36,37,26.3,46.33,5.81,43.88,sunflower
71,45,41,26.93,79.6,6.41,186.81,rice
22,11,46,19.11,89.5,7.71,39.21,pomegranate
72,50,35,16.8,51.51,6.97,111.5,barley
59,83,84,18.22,15.94,6.62,76.16,chickpea
17,29,31,31.5,49.9,5.31,77.54,mango
74,52,47,23.0,68.11,6.06,74.41,wheat
85,32,30,26.11,91.98,6.4,204.44,jute
22,10,28,26.43,91.87,6.04,160.27,coconut
94,43,35,16.13,55.56,6.55,123.78,wheat
97,15,25,25.67,56.09,7.34,189.33,coffee
72,54,56,30.41,58.36,5.57,76.57,tomato
21,10,16,23.59,93.97,7.31,107.91,orange
60,44,41,22.97,74.81,6.55,71.81,potato
21,29,23,30.85,45.15,5.56,114.15,mango
66,52,36,21.77,52.84,6.73,91.21,wheat
80,22,62,26.35,85.88,6.29,67.7,watermelon
18,12,12,22.24,94.55,7.08,109.32,orange
121,43,29,21.16,88.88,7.01,52.47,cotton
56,57,54,28.86,71.71,6.62,65.67,tomato
55,52,60,22.48,70.43,6.67,70.85,onion
49,55,48,22.18,46.41,6.02,65.96,onion
24,111,207,18.68,92.3,5.73,93.83,apple
22,63,27,26.55,57.64,5.98,117.83,pigeonpeas
26,125,187,20.62,95.84,5.87,55.74,grapes
105,14,38,24.11,87.61,6.8,12.88,muskmelon
21,75,20,21.86,63.11,6.99,53.12,lentil
54,29,48,18.74,52.36,6.97,70.36,onion
20,38,18,32.11,91.0,6.49,49.13,mungbean
25,136,188,20.62,93.05,6.17,117.61,apple
21,33,31,30.05,57.07,5.12,83.78,mango
12,16,16,21.01,91.15,5.99,105.49,orange
98,45,35,26.63,79.04,7.23,108.13,maize
43,73,27,27.61,47.24,6.39,95.97,groundnut
110,27,51,23.28,91.08,6.56,25.6,muskmelon
19,47,19,30.91,87.09,6.59,37.29,mungbean
20,6,36,20.15,92.54,6.06,22.44,pomegranate
105,16,48,28.06,87.43,6.27,55.92,watermelon
104,7,35,21.98,61.84,6.11,202.85,coffee
56,30,41,22.97,43.75,6.85,54.1,sunflower
60,53,58,23.92,55.78,6.19,64.32,potato
95,55,37,16.6,61.2,5.81,80.69,maize
78,40,31,26.78,91.55,5.8,236.89,rice
14,131,183,22.51,88.57,5.41,134.07,apple
19,61,5,17.58,20.04,6.55,103.8,kidneybeans
55,61,41,13.59,62.16,6.75,83.8,barley
16,81,10,23.93,48.21,7.23,50.8,lentil
37,72,59,33.16,92.92,6.79,189.45,papaya
50,52,35,33.37,91.04,6.64,154.45,papaya
25,62,20,20.15,45.99,6.11,53.23,lentil
48,68,48,41.03,92.4,7.22,166.1,papaya
94,47,34,24.62,85.14,6.84,198.33,jute
52,38,60,22.8,57.28,6.52,58.15,onion
48,57,67,18.84,82.55,5.7,82.59,potato
55,58,39,18.0,76.07,5.3,90.84,potato
11,130,193,18.81,90.34,5.71,109.28,apple
80,48,43,23.47,70.14,6.53,107.6,maize
30,58,24,25.25,48.4,6.74,57.29,mothbeans
53,74,58,35.6,95.09,6.65,139.83,papaya
20,77,23,17.45,69.88,6.93,62.75,lentil
18,20,32,30.05,32.75,5.61,114.72,mango
14,53,25,27.05,83.79,7.09,55.06,mungbean
68,73,36,13.46,49.78,6.56,68.23,barley
105,27,60,25.08,86.17,7.34,43.15,muskmelon
50,31,44,26.23,45.73,7.39,59.96,sunflower
120,48,18,21.37,88.43,7.96,82.15,cotton
81,65,39,19.14,56.16,7.01,74.73,barley
83,65,40,15.74,63.68,6.53,140.27,wheat
15,61,17,23.54,28.56,6.23,124.59,kidneybeans
18,68,25,23.82,49.11,6.61,49.44,lentil
23,71,21,18.98,52.96,6.74,54.58,lentil
15,11,34,22.81,87.79,5.44,43.07,pomegranate
55,73,69,19.46,10.0,7.43,67.93,chickpea
23,59,25,21.99,17.89,5.28,132.27,kidneybeans
78,52,43,22.72,83.21,6.48,63.59,maize
29,55,82,18.44,13.93,7.06,98.83,chickpea
44,31,61,21.66,57.58,6.58,78.72,onion
22,41,32,31.41,44.06,7.16,40.27,mothbeans
49,56,52,38.74,92.72,7.67,132.04,papaya
92,76,56,28.6,72.88,6.76,87.18,banana
110,90,53,26.63,85.16,6.58,90.4,banana
18,142,188,16.61,92.71,5.87,93.36,apple
22,26,33,28.48,47.15,6.62,101.02,mango
75,53,53,24.55,83.24,6.27,194.5,rice
101,27,33,22.52,55.42,7.13,162.84,coffee
40,39,22,28.75,54.63,6.51,69.93,groundnut
82,58,30,24.55,83.3,6.89,182.89,rice
21,21,33,31.65,51.71,5.31,102.4,mango
65,77,46,17.83,68.86,6.55,75.61,potato
21,10,7,22.42,89.83,6.87,106.0,orange
33,65,41,18.48,68.64,6.16,87.67,potato
20,12,10,28.26,89.89,6.39,120.55,orange
31,53,11,25.73,66.07,6.21,55.19,blackgram
48,44,41,18.75,59.31,5.22,66.37,potato
18,34,27,27.82,81.26,6.67,61.67,mungbean
17,64,19,19.41,24.05,5.5,142.4,kidneybeans
102,19,23,26.27,63.72,6.32,154.17,coffee
72,32,30,25.14,82.73,7.19,151.05,jute
31,62,15,32.75,83.0,6.55,49.37,mungbean
93,19,45,25.91,91.78,6.54,13.51,muskmelon
58,75,51,18.22,60.84,5.27,84.36,potato
17,11,11,21.79,96.0,7.3,110.31,orange
43,58,21,33.03,63.05,7.44,58.43,groundnut
27,131,197,28.24,88.16,5.24,69.03,grapes
64,31,60,16.27,53.68,7.42,68.31,onion
33,76,87,19.35,22.92,6.53,100.01,chickpea
16,16,11,22.42,91.78,6.94,101.72,orange
85,46,42,22.19,82.43,6.42,255.03,rice
56,48,55,23.41,57.03,6.81,58.68,onion
13,57,20,14.49,28.94,5.87,125.72,kidneybeans
39,58,20,30.23,62.41,7.51,58.31,blackgram
90,10,58,22.11,89.29,6.8,43.85,watermelon
66,39,51,27.21,82.95,6.88,179.96,jute
73,42,64,18.92,66.96,6.08,71.64,potato
55,46,41,13.15,58.71,6.45,92.72,barley
17,10,25,28.64,95.42,5.44,182.03,coconut
41,49,54,17.98,47.87,6.42,78.21,onion
17,63,24,27.8,46.87,7.3,57.34,mothbeans
46,45,21,18.04,60.34,6.39,41.38,sunflower
13,57,18,23.21,44.09,6.39,158.55,pigeonpeas
40,61,15,28.24,65.58,5.78,73.27,groundnut
60,56,47,12.28,43.26,7.07,80.76,barley
71,45,37,27.01,67.76,5.6,96.67,maize
28,125,171,23.2,84.03,6.51,63.28,grapes
68,37,31,30.65,78.38,6.8,202.87,jute
46,41,57,21.45,62.55,7.43,55.22,onion
23,132,219,21.76,92.64,5.95,128.56,apple
19,36,18,27.1,83.21,6.28,39.03,mungbean
98,29,38,31.87,93.97,6.21,38.03,muskmelon
126,40,23,21.84,89.16,7.14,70.7,cotton
92,22,53,27.04,96.8,7.02,32.46,muskmelon
105,14,46,23.57,85.13,5.96,12.44,muskmelon
66,46,41,18.48,60.02,6.97,123.81,wheat
29,141,227,16.69,88.31,5.6,102.95,apple
16,28,30,27.19,35.48,5.95,102.03,mango
49,70,88,21.32,14.18,6.67,76.17,chickpea
48,59,21,28.69,66.09,7.18,69.02,blackgram
66,35,33,18.66,57.59,6.11,55.09,sunflower
78,52,33,22.81,62.6,6.51,84.46,maize
33,80,27,29.91,66.54,6.75,74.32,blackgram
23,143,199,21.37,84.79,5.8,62.76,grapes
54,52,39,33.78,89.29,7.12,166.29,papaya
46,37,51,25.24,59.2,5.77,52.93,sunflower
18,81,21,17.41,49.75,6.81,54.73,lentil
47,48,17,27.01,54.47,7.04,88.06,blackgram
18,22,32,36.48,55.8,6.26,92.19,mango
18,19,36,31.82,48.45,6.25,106.33,mango
14,72,17,19.6,50.58,6.05,42.21,lentil
108,19,47,27.7,91.09,6.91,62.91,watermelon
59,45,59,19.46,55.05,6.94,78.93,onion
52,42,35,36.46,90.36,6.4,175.42,papaya
23,66,25,29.55,50.21,5.82,128.38,pigeonpeas
101,12,55,26.81,84.52,6.66,16.06,muskmelon
17,41,20,29.3,83.03,6.72,53.06,mungbean
36,67,79,12.81,24.47,7.02,81.65,chickpea
97,17,56,29.01,93.5,6.6,32.08,muskmelon
75,25,56,34.02,95.71,7.03,32.03,muskmelon
64,48,51,16.4,70.66,5.95,70.35,potato
106,43,45,26.18,87.49,7.01,157.96,jute
50,42,40,19.97,46.11,6.17,56.68,sunflower
13,12,33,24.47,90.05,7.17,51.41,pomegranate
76,26,53,28.99,91.81,6.47,20.22,muskmelon
51,34,31,24.54,57.88,6.89,67.93,sunflower
18,24,29,32.88,34.96,5.02,90.45,mango
80,51,39,21.59,67.73,6.15,93.98,maize
18,52,17,16.88,45.14,6.73,59.58,lentil
21,29,37,30.83,61.84,5.47,119.93,mango
104,21,30,19.69,48.84,6.55,172.32,coffee
33,136,176,26.52,96.73,6.01,129.84,apple
22,132,197,28.76,74.35,5.25,76.81,grapes
79,53,47,26.92,88.03,6.28,193.26,jute
40,80,73,19.63,18.0,7.11,94.09,chickpea
18,57,16,21.56,52.57,6.88,40.05,lentil
22,63,23,21.19,20.44,5.4,116.27,kidneybeans
50,53,43,21.58,63.44,6.35,64.08,tomato
48,56,15,26.68,74.87,6.34,61.75,groundnut
31,135,190,29.81,88.03,6.13,66.0,grapes
81,34,35,19.13,72.52,6.77,88.9,wheat
69,62,54,22.38,64.04,5.75,89.03,potato
37,47,55,21.37,57.05,7.6,51.77,onion
24,14,30,27.29,95.05,6.89,170.78,coconut
41,40,29,23.28,61.92,6.43,61.3,sunflower
52,66,48,42.04,90.19,7.5,148.77,papaya
84,45,42,25.2,87.79,5.83,182.22,jute
16,52,18,23.0,61.15,7.16,54.29,lentil
79,41,48,25.95,85.8,6.42,193.42,jute
30,123,205,22.96,82.91,6.45,62.73,grapes
34,43,45,12.97,55.52,6.42,51.5,sunflower
11,64,10,22.25,33.48,6.81,29.22,lentil
71,63,33,16.11,60.47,6.92,96.09,barley
80,37,32,22.99,90.35,6.37,174.91,rice
109,45,20,22.14,78.15,6.91,92.15,cotton
24,56,27,28.04,52.54,6.51,68.55,groundnut
106,71,49,27.18,80.54,6.4,112.87,banana
23,112,205,26.06,82.32,5.89,72.07,grapes
20,32,37,29.95,56.41,6.18,116.1,mango
147,59,22,27.42,68.87,6.68,72.95,cotton
33,127,219,25.7,76.88,6.92,84.91,grapes
26,144,221,24.88,82.7,6.56,59.99,grapes
24,74,26,25.44,53.8,6.38,120.52,pigeonpeas
37,55,20,31.99,53.81,6.46,82.78,groundnut
63,63,35,11.18,69.0,7.55,60.62,barley
25,7,45,19.91,87.18,6.77,52.16,pomegranate
36,56,17,32.59,39.63,6.76,52.08,groundnut
23,5,38,24.15,81.2,7.17,43.54,pomegranate
116,39,17,30.13,81.13,6.21,72.2,cotton
96,69,63,25.44,83.68,5.78,90.79,banana
37,58,22,30.2,61.38,6.38,71.15,groundnut
100,13,47,30.17,91.28,6.49,68.96,watermelon
51,58,49,26.04,53.34,6.71,75.3,tomato
65,42,52,25.26,71.54,6.38,74.73,tomato
26,121,184,16.74,88.11,5.8,76.57,grapes
41,64,17,28.38,48.47,5.64,74.98,groundnut
44,54,86,14.99,13.24,6.41,67.48,chickpea
39,47,17,27.29,69.86,7.05,57.14,blackgram
96,68,57,28.85,80.84,6.27,99.25,banana
11,31,38,33.18,41.3,5.74,83.22,mango
39,64,11,29.18,57.47,6.52,63.51,groundnut
87,40,39,14.28,76.88,6.37,182.57,rice
39,55,27,35.5,59.79,7.22,77.49,blackgram
59,60,36,23.33,60.89,5.88,94.93,potato
39,54,19,30.54,60.11,6.41,88.06,blackgram
17,9,7,26.36,95.22,7.1,122.0,orange
42,72,30,33.58,95.52,6.76,141.9,papaya
24,12,29,28.95,88.88,5.47,184.1,coconut
80,40,42,24.6,79.0,6.53,208.44,rice
22,123,206,17.19,87.67,6.01,109.67,apple
54,40,47,15.05,58.2,7.02,80.63,wheat
31,128,217,23.08,83.34,6.1,74.55,grapes
18,57,11,29.72,48.13,6.9,59.74,mothbeans
94,14,41,27.3,89.11,5.83,54.78,watermelon
58,57,57,22.77,71.87,5.94,104.29,potato
12,15,8,26.89,89.34,6.69,79.68,orange
18,70,13,28.67,54.42,6.41,91.26,pigeonpeas
61,56,59,15.18,69.39,5.7,90.44,potato
43,52,19,29.96,58.7,6.23,76.97,groundnut
19,25,32,28.46,49.77,6.0,100.5,mango
20,59,21,24.39,53.59,7.28,47.63,lentil
50,62,46,31.21,51.07,6.24,54.53,tomato
84,15,53,29.37,96.06,6.88,22.72,muskmelon
16,51,22,29.93,76.53,6.9,44.3,mungbean
19,14,33,28.65,98.68,6.26,203.21,coconut
24,60,27,27.76,32.26,6.49,52.94,mothbeans
74,51,42,25.21,59.54,6.88,121.01,wheat
103,16,64,30.63,92.42,7.04,50.65,watermelon
52,58,52,21.21,61.85,6.99,62.28,onion
97,18,29,23.33,69.39,5.99,166.36,coffee
86,56,29,20.45,71.8,6.37,241.53,rice
12,51,23,26.2,90.83,5.83,35.05,mungbean
110,57,29,26.25,83.92,6.77,109.21,cotton
57,53,41,26.28,74.53,6.85,79.32,tomato
17,56,21,21.37,10.0,6.31,141.55,kidneybeans
34,71,20,25.1,50.28,6.19,64.56,groundnut
22,23,12,24.73,92.01,6.79,95.75,orange
98,24,42,23.68,85.97,6.53,39.12,watermelon
18,53,17,20.01,16.7,5.55,112.26,kidneybeans
84,59,45,30.46,78.16,6.94,225.5,rice
80,54,27,24.69,61.62,6.27,114.18,maize
27,73,15,19.85,48.72,6.97,64.51,lentil
32,48,27,28.36,37.31,6.86,62.91,mothbeans
12,12,40,25.09,88.7,5.83,27.83,pomegranate
45,60,55,30.04,100.0,6.81,152.84,papaya
47,67,49,33.44,88.25,7.11,136.96,papaya
108,25,59,23.0,85.11,6.06,63.35,watermelon
51,38,50,22.78,57.39,7.72,59.25,onion
75,45,38,26.85,78.71,6.14,172.17,jute
25,122,195,25.01,75.12,5.77,78.88,grapes
17,18,32,35.82,52.22,5.38,100.67,mango
19,10,38,16.94,87.7,6.62,37.51,pomegranate
54,58,48,19.23,58.11,7.13,65.55,onion
29,39,23,26.44,44.82,6.77,50.91,mothbeans
67,61,48,23.45,75.95,6.15,72.29,tomato
31,143,203,17.98,93.62,6.78,130.55,apple
57,39,45,20.29,34.66,5.41,48.19,sunflower
16,47,15,22.98,23.27,5.74,112.36,kidneybeans
89,13,57,28.1,90.85,6.35,28.91,muskmelon
94,20,50,26.94,93.43,5.99,30.89,watermelon
15,125,205,23.15,80.46,6.57,76.06,grapes
100,56,20,22.81,78.11,6.19,88.9,cotton
94,18,45,24.83,88.47,7.02,32.11,muskmelon
91,21,47,30.75,95.63,6.14,31.35,muskmelon
25,10,12,22.15,92.32,7.28,100.11,orange
93,21,48,26.84,89.56,6.09,27.56,muskmelon
89,22,45,27.55,87.99,6.4,22.37,muskmelon
113,20,46,31.97,91.9,6.49,24.66,muskmelon
92,63,46,29.17,79.87,6.25,133.29,banana
37,47,14,27.0,59.47,6.62,75.18,blackgram
37,47,67,23.04,54.24,6.22,67.85,onion
53,47,56,16.75,67.45,6.41,75.77,potato
58,42,35,16.54,59.76,6.78,73.81,barley
25,64,14,24.26,49.09,6.91,62.35,lentil
42,49,18,29.88,58.41,7.72,61.47,blackgram
17,53,27,23.43,60.28,7.06,45.4,mothbeans
17,63,84,21.6,14.68,6.84,92.31,chickpea
71,58,35,21.97,62.7,6.28,102.38,maize
71,43,36,17.04,63.39,7.01,88.53,wheat
22,11,23,27.72,94.32,6.14,161.89,coconut
118,40,23,23.87,73.4,6.23,63.07,cotton
96,76,41,27.87,76.19,5.94,117.56,banana
62,43,33,24.94,77.46,5.79,263.97,rice
14,45,15,22.87,54.14,6.69,49.78,lentil
98,17,25,26.31,70.87,7.03,172.12,coffee
69,66,46,14.92,44.39,6.83,83.9,barley
47,56,55,32.19,68.86,6.86,65.29,tomato
105,21,29,25.1,48.77,6.21,161.01,coffee
43,68,16,29.27,66.77,7.28,49.72,blackgram
72,61,33,22.87,66.82,6.13,102.16,maize
66,58,48,19.21,56.53,7.38,64.51,barley
21,19,8,28.23,95.33,7.43,100.1,orange
90,54,33,24.09,62.66,6.79,95.54,maize
13,67,16,24.96,39.28,6.26,116.37,pigeonpeas
53,34,48,21.27,73.93,7.11,70.77,onion
76,42,40,21.64,49.79,6.62,81.97,maize
105,14,35,27.65,52.97,6.41,160.33,coffee
52,73,91,13.97,10.17,6.94,82.54,chickpea
93,29,44,31.08,94.53,6.53,19.64,muskmelon
87,19,52,31.49,92.54,5.86,17.33,muskmelon
65,50,61,22.75,62.93,6.16,59.26,onion
95,25,52,26.32,91.25,7.06,23.12,muskmelon
64,57,51,20.93,54.54,5.9,93.95,potato
37,47,57,19.19,64.64,6.2,53.46,onion
23,16,8,23.11,87.68,6.66,139.43,orange
15,14,7,29.67,94.37,7.21,128.54,orange
56,55,31,16.51,68.58,6.89,87.94,maize
22,75,81,19.52,36.63,6.17,100.87,chickpea
11,64,19,18.81,40.53,6.6,52.69,lentil
94,78,56,31.39,84.78,5.98,82.19,banana
21,53,18,26.62,50.48,5.86,45.85,mothbeans
72,54,36,16.46,48.32,7.84,55.89,barley
18,69,21,26.84,73.97,7.06,36.55,mungbean
95,69,53,29.62,85.86,5.5,125.78,banana
93,21,58,22.49,89.4,5.81,46.07,watermelon
54,45,71,24.99,55.96,6.52,75.03,onion
84,63,41,24.77,81.63,5.54,219.2,rice
44,42,41,23.35,47.44,6.76,56.4,sunflower
24,63,21,32.19,50.81,6.67,47.29,mothbeans
95,29,66,31.49,89.23,5.79,26.57,watermelon
50,37,36,20.03,41.86,6.44,49.89,sunflower
35,55,14,31.23,69.0,6.46,65.45,blackgram
22,18,8,26.51,91.01,7.29,112.55,orange
46,42,18,22.72,52.72,6.31,65.8,groundnut
25,7,38,26.9,89.41,5.87,33.31,pomegranate
54,52,36,23.28,58.46,6.45,71.53,barley
55,60,55,23.66,67.2,5.28,80.84,potato
82,51,58,19.18,61.54,6.68,102.67,wheat
36,54,15,29.88,56.15,7.38,70.55,blackgram
94,16,30,23.9,71.06,7.09,183.64,coffee
94,70,55,27.51,73.38,5.83,117.55,banana
21,12,11,26.64,95.47,7.39,117.37,orange
12,10,49,21.28,92.79,6.75,49.56,pomegranate
100,69,47,31.0,78.46,6.14,110.83,banana
74,49,46,22.17,64.46,6.8,73.76,wheat
20,69,16,23.02,54.03,4.76,123.65,pigeonpeas
51,56,41,17.88,72.83,5.03,99.71,potato
95,71,67,26.51,83.68,6.0,63.03,banana
29,11,26,28.6,96.7,6.02,186.66,coconut
84,28,39,25.53,83.25,6.93,196.12,jute
15,57,17,23.9,42.21,6.42,103.85,pigeonpeas
104,19,56,27.2,88.29,6.45,48.52,watermelon
66,50,41,15.22,80.5,5.55,88.97,potato
56,60,24,30.7,67.99,6.86,71.95,blackgram
36,51,21,21.98,54.49,6.93,70.82,blackgram
66,67,35,10.37,59.96,6.75,62.16,barley
11,16,7,24.26,92.93,6.91,113.46,orange
49,48,61,23.0,78.27,6.92,73.96,tomato
25,68,16,22.97,48.26,7.06,45.23,lentil
25,46,26,36.97,47.86,6.75,50.85,mothbeans
22,64,19,29.77,84.47,7.28,32.53,mungbean
17,72,10,29.98,43.57,6.18,125.04,pigeonpeas
72,39,38,25.23,82.01,6.29,179.17,jute
57,64,39,21.35,62.74,6.98,111.4,wheat
15,55,25,30.83,53.9,6.64,112.41,pigeonpeas
65,48,42,17.26,58.94,6.79,47.7,barley
57,46,53,21.51,67.48,6.29,57.7,potato
85,15,28,23.67,70.35,6.59,196.98,coffee
106,86,49,32.2,71.38,6.28,123.33,banana
42,47,54,27.84,67.33,6.91,57.33,onion
55,65,43,17.81,71.55,5.85,106.74,potato
34,54,16,23.74,36.22,5.81,63.78,mothbeans
18,71,17,16.84,21.66,5.76,131.55,kidneybeans
17,7,9,19.04,89.39,6.39,115.76,orange
15,11,10,25.23,96.63,7.15,69.39,orange
19,13,23,25.04,94.85,5.61,157.87,coconut
54,53,40,14.75,67.54,6.28,95.39,potato
32,64,18,28.51,52.75,6.5,60.51,groundnut
101,75,50,25.72,79.71,6.45,102.28,banana
41,59,74,21.56,24.18,6.9,75.69,chickpea
23,31,31,24.94,50.15,6.42,107.91,mango
51,48,65,33.69,91.56,6.41,150.48,papaya
60,42,53,21.51,62.2,6.57,31.06,onion
95,9,28,23.71,61.65,6.54,161.26,coffee
102,16,49,32.09,90.68,6.64,25.3,muskmelon
103,76,62,27.49,77.98,6.0,102.35,banana
38,73,45,35.6,87.64,6.72,155.83,papaya
60,37,31,19.71,53.75,6.78,82.4,barley
17,10,24,27.05,97.25,5.97,170.23,coconut
19,9,8,27.27,94.07,6.92,120.25,orange
39,52,13,29.54,56.98,6.24,75.26,groundnut
57,38,49,26.62,72.88,5.8,83.16,tomato
48,52,49,23.21,61.38,6.27,80.23,potato
102,21,54,32.26,86.15,6.67,32.87,muskmelon
54,55,22,33.82,61.32,6.38,64.33,groundnut
24,51,21,26.72,87.25,6.4,55.56,mungbean
23,67,18,16.29,28.37,5.75,145.95,kidneybeans
76,46,25,24.24,57.49,6.32,121.11,maize
69,26,41,23.94,81.08,6.29,183.22,jute
27,48,24,35.93,87.99,6.52,57.22,mungbean
87,29,53,18.63,59.23,6.58,107.98,wheat
84,20,40,25.11,92.0,6.36,13.7,muskmelon
73,40,36,23.54,83.37,6.52,193.67,jute
50,38,44,24.6,64.8,7.22,50.32,onion
55,40,29,15.07,68.43,6.42,152.65,wheat
21,14,9,27.43,97.01,7.1,119.83,orange
102,16,37,27.34,92.7,6.24,11.68,muskmelon
57,45,54,25.53,71.7,6.7,67.99,onion
17,7,22,26.05,93.21,4.81,197.51,coconut
42,50,60,22.26,50.58,6.63,68.38,onion
16,18,10,23.44,93.86,6.71,119.57,orange
51,57,50,31.95,95.33,7.37,147.33,papaya
61,49,56,26.2,66.36,5.88,49.46,onion
90,16,34,25.07,45.62,7.37,149.4,coffee
28,144,200,23.88,89.96,6.15,129.94,apple
24,13,22,27.04,91.8,5.97,174.35,coconut
28,68,20,30.21,49.54,7.7,29.01,mothbeans
73,44,36,21.41,82.24,6.08,228.11,rice
49,54,49,26.99,93.29,6.75,143.28,papaya
95,38,37,24.9,87.54,6.94,232.96,jute
46,66,17,31.84,66.59,6.45,60.49,groundnut
68,53,63,28.81,78.63,5.96,75.93,tomato
41,72,81,17.77,11.02,7.58,102.11,chickpea
82,45,39,25.57,84.85,6.84,175.99,jute
109,28,38,22.23,91.26,5.79,25.37,muskmelon
41,57,51,32.7,99.32,6.46,173.59,papaya
102,19,59,26.0,89.43,5.93,26.46,muskmelon
55,43,62,22.44,69.74,6.19,56.51,onion
96,25,52,25.86,91.0,6.57,34.83,watermelon
120,92,50,19.33,86.18,5.78,83.97,banana
65,45,29,16.84,51.42,6.5,44.8,sunflower
27,10,31,29.89,96.74,6.78,125.16,coconut
52,45,56,19.94,57.55,6.57,69.01,onion
102,21,27,26.57,48.82,6.38,171.12,coffee
37,87,93,24.66,16.2,7.12,52.25,chickpea
26,53,20,32.57,52.43,6.37,60.82,mothbeans
61,70,39,38.53,93.15,6.86,182.3,papaya
69,49,39,25.06,78.98,7.21,192.55,jute
51,49,47,18.98,71.13,6.28,75.59,potato
92,53,33,22.43,84.45,5.89,241.39,rice
23,124,213,27.04,81.06,6.7,72.88,grapes
14,9,46,20.53,92.72,7.1,32.26,pomegranate
21,56,25,37.15,54.62,7.08,44.94,mothbeans
5,58,23,22.77,81.96,7.13,64.48,mungbean
62,58,55,23.38,64.26,5.95,72.68,potato
46,49,71,30.54,65.42,6.58,60.2,tomato
42,71,21,27.34,54.95,6.49,59.81,groundnut
99,17,42,22.32,91.52,6.53,33.8,muskmelon
49,23,46,19.56,67.59,6.52,51.82,onion
25,12,31,22.93,90.44,6.66,32.46,pomegranate
57,35,41,21.14,73.47,6.62,121.57,wheat
18,9,31,19.48,91.23,6.5,36.91,pomegranate
22,11,25,25.49,96.47,7.19,205.08,coconut
42,54,15,28.11,64.29,7.14,72.95,groundnut
28,9,26,25.44,93.54,4.97,161.88,coconut
25,70,9,26.41,45.51,6.29,77.5,pigeonpeas
8,46,20,27.84,84.28,6.52,60.23,mungbean
27,130,208,21.76,89.79,6.5,61.55,grapes
68,62,47,18.45,68.13,6.58,76.65,potato
20,8,31,27.13,94.93,6.21,169.25,coconut
95,16,56,22.26,97.33,6.59,24.66,muskmelon
111,22,33,23.98,66.67,6.96,146.62,coffee
18,8,40,27.19,84.96,6.64,60.87,pomegranate
18,57,17,28.45,58.6,6.91,51.58,mothbeans
114,40,26,22.35,81.39,7.06,63.94,cotton
53,43,41,20.83,39.9,7.1,61.36,sunflower
37,41,21,29.18,70.82,6.56,63.81,blackgram
100,16,42,28.1,93.38,6.74,65.15,watermelon
40,65,18,30.42,64.73,6.63,68.86,blackgram
47,73,87,19.57,11.48,6.87,63.3,chickpea
20,9,30,24.71,92.7,5.11,156.93,coconut
109,14,33,27.31,33.54,6.42,102.48,coffee
59,43,40,25.92,65.35,6.92,75.47,tomato
78,57,42,18.31,59.5,6.5,94.39,wheat
22,75,21,25.79,46.93,6.76,66.73,mothbeans
85,33,35,25.45,82.22,6.97,136.78,jute
19,130,209,20.4,87.52,5.81,87.58,grapes
69,51,38,26.14,84.37,6.46,194.6,rice
44,50,15,25.59,68.24,6.4,40.58,groundnut
117,41,7,25.16,82.72,7.64,68.18,cotton
49,55,52,35.53,90.28,6.87,174.72,papaya
28,49,25,29.17,60.97,6.5,64.45,blackgram
79,70,58,28.58,84.57,5.61,132.32,banana
16,70,27,19.88,28.25,5.27,136.13,kidneybeans
82,48,36,30.43,85.17,5.49,225.59,rice
23,10,32,27.54,94.84,6.76,147.18,coconut
90,17,31,28.64,56.13,6.9,153.44,coffee
32,134,219,27.43,72.79,6.65,76.35,grapes
85,50,36,23.38,79.53,6.21,245.49,rice
16,11,9,28.51,91.98,6.82,87.12,orange
69,39,37,27.11,82.91,6.78,190.14,jute
71,34,36,26.65,61.89,5.52,59.97,sunflower
52,60,20,26.0,58.97,6.04,86.65,groundnut
22,147,222,20.59,90.49,5.49,100.56,apple
18,64,22,28.87,34.04,5.33,148.59,pigeonpeas
96,79,42,27.28,81.57,5.41,112.17,banana
71,49,40,20.57,83.79,6.78,252.49,rice
49,48,81,12.55,20.8,6.96,81.29,chickpea
52,51,43,20.87,52.6,5.73,76.69,tomato
80,46,18,21.05,81.58,7.47,72.86,cotton
29,66,75,9.21,27.26,7.44,69.36,chickpea
15,26,32,34.3,51.15,5.97,101.27,mango
27,145,206,32.39,84.7,6.53,71.76,grapes
95,26,28,23.61,67.03,6.07,135.56,coffee
28,144,184,31.36,83.42,6.0,71.02,grapes
27,139,218,33.05,83.22,6.14,59.77,grapes
79,47,36,21.11,66.18,6.86,74.9,maize
22,62,19,18.64,43.69,6.8,47.84,lentil
17,66,15,19.89,43.51,6.24,52.59,lentil
87,33,43,25.55,84.77,6.6,167.24,jute
25,28,28,34.88,55.18,5.46,80.08,mango
110,71,46,29.27,87.99,6.26,86.9,banana
27,41,21,27.56,54.62,7.04,29.26,mothbeans
25,54,20,32.24,50.6,7.64,41.48,mothbeans
53,33,43,23.69,58.38,6.68,68.25,sunflower
69,46,40,25.54,85.56,5.94,173.98,rice
10,61,8,32.11,41.31,6.75,148.92,pigeonpeas
89,68,56,24.05,85.29,5.79,92.23,banana
104,18,22,30.75,62.13,6.56,138.04,coffee
12,46,21,19.72,45.88,6.92,49.4,lentil
17,136,200,27.42,82.32,6.29,66.86,grapes
19,119,210,19.86,80.34,6.23,74.34,grapes
60,27,41,23.98,45.45,6.04,39.2,sunflower
50,33,26,25.42,46.92,6.58,62.85,sunflower
56,59,59,20.72,69.78,6.33,69.73,potato
37,61,24,28.17,58.95,7.1,52.07,blackgram
58,50,56,23.78,65.74,5.55,88.33,potato
24,37,26,31.7,47.82,4.82,95.34,mango
48,60,25,25.93,62.34,6.88,68.85,blackgram
17,25,35,28.51,47.14,6.28,95.5,mango
30,9,39,14.3,88.66,6.93,55.64,pomegranate
52,30,43,27.57,68.58,6.2,70.41,tomato
134,52,22,25.84,76.92,7.74,80.65,cotton
36,53,22,29.36,59.41,6.43,59.28,groundnut
82,47,41,27.57,82.35,6.34,186.16,jute
92,92,52,25.33,88.26,6.83,99.34,banana
116,23,25,25.06,79.82,5.88,170.57,coffee
25,49,30,33.12,42.08,5.83,46.14,mothbeans
54,46,38,20.03,48.05,6.13,55.8,sunflower
18,43,24,17.67,17.73,5.6,124.08,kidneybeans
28,57,19,28.46,38.41,7.39,50.13,mothbeans
87,19,41,27.17,90.88,6.51,20.58,muskmelon
95,15,30,24.7,55.13,5.91,159.17,coffee
57,65,52,28.81,89.67,6.33,109.7,papaya
23,86,12,23.78,59.17,6.31,60.07,lentil
69,33,37,24.06,90.38,6.66,213.43,rice
57,48,32,22.95,39.53,6.99,52.17,sunflower
26,135,220,29.76,79.29,5.95,81.71,grapes
34,54,11,32.06,37.16,6.39,53.22,groundnut
45,48,21,27.56,62.81,7.2,75.21,blackgram
104,16,41,23.56,88.18,6.36,71.66,watermelon
20,117,205,20.11,87.29,6.49,130.93,apple
63,55,57,19.43,69.37,5.85,78.05,potato
90,93,38,24.4,86.57,6.29,79.48,banana
63,53,43,18.78,55.6,6.53,99.49,wheat
21,45,22,26.43,55.41,6.45,48.22,mothbeans
67,74,56,17.82,53.53,7.21,93.31,barley
78,45,31,21.84,79.7,7.03,230.31,rice
40,67,21,29.82,54.79,6.68,71.88,blackgram
19,39,22,27.01,82.41,6.84,50.29,mungbean
20,49,19,31.61,56.27,6.3,59.08,mothbeans
44,71,27,29.26,51.19,6.67,65.73,blackgram
49,69,80,19.66,12.69,7.01,42.71,chickpea
60,42,49,21.27,64.87,6.36,93.67,wheat
85,41,32,11.54,54.89,6.27,132.84,wheat
72,49,53,18.59,65.08,5.24,87.18,potato
40,81,82,16.18,19.28,6.82,64.58,chickpea
43,81,84,17.71,28.36,7.36,83.61,chickpea
55,47,66,30.33,95.07,6.4,137.62,papaya
94,73,55,29.56,82.85,6.04,129.96,banana
22,119,193,24.62,80.06,5.89,78.34,grapes
82,37,30,24.06,80.41,6.53,180.66,jute
89,73,42,26.23,85.08,6.04,152.14,banana
49,58,44,25.87,59.8,6.97,63.44,tomato
88,23,62,24.68,85.44,5.52,40.19,watermelon
26,10,5,24.98,85.52,7.49,128.31,orange
83,54,36,26.55,86.22,7.32,191.52,jute
23,116,206,23.58,84.83,5.58,99.63,apple
19,126,150,20.23,91.75,6.28,105.97,apple
8,65,23,15.24,22.88,6.03,118.9,kidneybeans
28,8,27,31.62,92.89,6.37,194.05,coconut
128,56,25,25.51,85.43,6.31,72.17,cotton
91,16,52,27.04,66.89,6.19,191.39,coffee
51,36,59,24.12,56.56,6.29,62.04,tomato
17,14,37,26.99,87.39,7.22,42.01,pomegranate
76,72,43,16.26,48.53,6.67,87.84,barley
33,80,88,19.75,16.35,7.23,64.4,chickpea
106,25,12,14.25,90.56,7.09,66.13,cotton
61,57,51,36.18,93.66,6.55,151.93,papaya
17,34,19,28.1,85.8,7.04,47.64,mungbean
100,23,25,22.37,65.39,5.74,185.7,coffee
138,39,30,20.99,85.42,6.71,66.94,cotton
112,24,57,27.11,85.53,6.48,59.7,watermelon
11,23,29,31.56,58.05,5.27,103.91,mango
94,16,47,21.54,90.35,7.0,51.35,watermelon
23,17,8,25.52,89.45,7.01,114.96,orange
88,58,42,29.63,78.13,5.88,166.64,rice
103,15,46,25.47,83.86,5.82,43.99,watermelon
65,64,61,22.21,52.43,7.16,62.1,onion
104,13,64,23.68,89.11,6.63,44.35,watermelon
24,50,18,27.45,43.67,6.88,47.78,mothbeans
28,14,24,27.22,97.02,6.76,197.96,coconut
32,123,201,19.74,94.53,5.73,108.54,apple
101,41,34,22.2,71.38,6.24,197.23,rice
85,22,22,25.3,56.42,7.11,152.14,coffee
25,28,23,24.44,51.19,5.69,85.35,mango
16,113,200,18.02,98.32,4.97,98.0,apple
36,66,16,28.46,50.82,6.99,58.24,groundnut
104,47,26,24.12,81.06,7.47,56.83,cotton
10,12,9,25.76,88.06,6.95,99.24,orange
22,30,30,33.57,43.6,5.65,102.88,mango
72,52,29,14.76,68.43,6.78,113.63,wheat
57,49,50,23.62,62.29,6.21,89.17,tomato
34,43,25,27.94,71.98,7.43,57.14,blackgram
19,72,17,23.66,42.99,7.66,32.52,lentil
76,37,38,26.84,84.48,7.21,210.76,jute
20,61,16,18.85,20.97,6.6,88.79,kidneybeans
116,77,45,24.49,81.98,5.95,131.48,banana
24,124,178,21.57,82.99,6.16,76.49,grapes
21,70,14,17.36,64.39,6.43,66.56,lentil
40,37,25,28.33,43.31,6.19,40.91,mothbeans
87,54,34,28.21,74.99,6.79,285.71,rice
20,56,16,16.82,18.42,6.36,110.08,kidneybeans
90,21,41,23.43,88.91,6.08,45.24,watermelon
26,8,42,22.59,93.38,7.08,41.93,pomegranate
86,49,30,21.51,59.79,5.86,87.83,maize
53,42,39,21.46,51.61,6.3,54.16,sunflower
42,55,82,17.53,10.0,6.66,68.8,chickpea
21,122,201,20.75,84.11,6.42,80.34,grapes
60,59,47,32.96,94.58,6.95,155.83,papaya
16,54,23,25.61,42.4,5.13,120.34,pigeonpeas
77,44,40,30.94,72.66,6.84,171.62,rice
33,140,212,24.52,89.57,5.89,74.69,grapes
17,46,25,30.06,46.89,6.29,46.95,mothbeans
49,59,21,32.5,61.22,7.35,42.92,blackgram
108,28,21,24.36,57.87,5.8,150.3,coffee
86,54,38,20.35,59.27,6.2,87.45,maize
35,43,14,30.06,58.21,6.97,59.25,blackgram
102,70,53,25.91,77.48,5.39,118.53,banana
52,52,52,23.07,58.87,6.2,55.99,tomato
74,45,35,17.39,61.27,6.9,71.04,barley
29,69,18,15.17,47.9,6.63,59.6,lentil
18,139,188,21.88,86.96,5.06,59.76,grapes
22,20,12,27.43,92.88,6.4,94.33,orange
22,53,21,17.81,17.51,5.48,114.37,kidneybeans
102,15,34,27.96,67.5,6.99,148.82,coffee
57,63,44,10.46,47.56,6.4,70.25,barley
23,125,200,20.23,92.99,5.73,117.03,apple
59,47,26,19.2,65.18,6.61,131.48,wheat
114,12,32,26.28,53.92,5.99,180.34,coffee
18,8,39,19.99,85.4,7.86,26.37,pomegranate
113,75,52,28.62,76.38,6.02,102.51,banana
26,35,24,34.69,78.4,6.81,50.01,mungbean
41,73,11,31.24,77.81,7.11,86.51,blackgram
16,42,20,17.67,18.0,5.55,146.17,kidneybeans
12,15,43,20.17,91.22,5.74,50.55,pomegranate
74,60,41,17.22,58.43,6.77,99.26,wheat
30,61,15,28.74,43.58,6.89,124.34,pigeonpeas
16,75,22,23.37,45.69,6.23,146.76,pigeonpeas
18,63,19,17.44,28.45,5.83,150.73,kidneybeans
95,21,33,28.92,46.72,6.91,174.86,coffee
37,58,19,26.95,56.89,6.96,53.58,groundnut
69,75,33,22.92,73.42,6.58,111.38,wheat
43,36,43,26.68,40.82,6.62,55.69,sunflower
100,14,56,27.82,89.38,6.03,13.18,muskmelon
54,59,57,23.71,54.74,6.28,65.32,tomato
24,24,25,33.84,49.74,6.22,86.41,mango
77,41,34,21.55,81.61,6.67,228.3,rice
56,51,48,26.03,82.53,7.78,63.61,tomato
55,60,51,31.88,97.22,7.94,144.43,papaya
19,7,30,24.12,89.49,6.59,30.99,pomegranate
14,9,36,24.81,83.28,5.78,38.93,pomegranate
16,57,25,25.55,77.72,6.62,44.53,mungbean
59,59,50,18.8,58.9,6.72,69.96,onion
48,58,20,33.87,64.2,6.47,91.43,blackgram
59,49,44,21.46,62.79,5.69,63.53,potato
99,25,51,25.62,89.87,6.64,35.39,muskmelon
63,54,28,17.54,59.58,6.98,96.87,barley
45,64,27,29.47,39.11,6.83,49.08,groundnut
51,41,44,22.89,58.3,6.92,51.06,onion
55,69,48,39.97,90.23,6.89,154.91,papaya
76,65,30,17.87,65.63,7.15,96.36,barley
108,46,13,22.02,86.11,7.02,51.81,cotton
42,46,18,26.91,48.84,6.36,75.33,groundnut
72,32,50,26.92,77.55,6.49,184.85,jute
81,55,40,23.23,63.31,6.54,118.5,maize
41,63,17,26.26,48.92,6.15,71.93,groundnut
53,54,47,36.84,92.59,5.99,130.47,papaya
42,54,18,25.79,64.35,7.44,76.85,blackgram
31,118,212,27.04,91.99,5.59,111.85,apple
48,40,36,17.31,51.8,5.98,51.88,sunflower
47,70,29,15.2,51.57,7.24,56.03,barley
99,10,42,28.69,79.04,6.97,55.21,watermelon
49,51,52,22.85,52.67,7.22,62.91,onion
121,34,21,18.06,83.47,7.29,100.39,cotton
17,133,188,29.3,83.13,6.3,89.11,grapes
45,62,23,29.51,72.21,7.0,70.58,blackgram
112,25,38,26.67,92.95,6.75,43.71,watermelon
17,82,15,30.32,52.85,6.76,116.66,pigeonpeas
37,47,16,31.17,68.49,6.99,81.57,blackgram
74,50,37,16.17,61.79,6.1,70.9,barley
20,74,16,21.09,52.49,5.86,70.15,lentil
25,60,18,19.26,21.16,6.1,140.62,kidneybeans
21,35,27,27.51,88.49,6.17,53.08,mungbean
31,52,22,27.8,63.2,6.35,71.87,blackgram
21,12,48,21.71,96.3,5.62,44.19,pomegranate
13,7,19,29.33,94.93,4.89,189.39,coconut
32,126,211,24.53,91.15,6.66,66.37,apple
44,69,16,27.07,62.21,5.93,45.29,groundnut
95,36,43,24.8,79.84,7.09,158.11,jute
104,54,16,22.98,87.25,6.55,69.1,cotton
11,50,15,33.13,87.62,6.34,42.55,mungbean
16,11,9,25.5,91.05,7.46,117.62,orange
107,24,39,24.6,93.29,6.52,39.26,watermelon
16,69,23,25.78,44.47,6.56,67.05,mothbeans
24,21,18,25.75,90.01,7.18,106.01,orange
28,129,199,20.57,80.5,5.62,78.83,grapes
116,33,18,23.7,76.86,7.27,93.79,cotton
55,54,48,18.98,51.02,7.46,70.0,tomato
25,66,26,18.59,15.57,5.55,123.13,kidneybeans
41,75,12,27.9,52.48,6.88,68.55,groundnut
28,48,24,22.03,13.42,7.16,119.04,kidneybeans
107,9,48,24.31,87.19,6.65,61.21,watermelon
36,56,53,31.53,93.76,6.69,173.2,papaya
43,56,43,23.47,80.5,6.6,194.34,jute
38,64,18,30.01,62.3,6.86,66.18,groundnut
41,38,35,24.09,55.1,6.58,61.2,sunflower
65,60,45,23.54,64.67,6.66,111.81,wheat
99,15,28,21.49,62.49,5.07,154.21,coffee
124,34,15,27.41,81.55,6.77,67.12,cotton
16,55,20,26.57,78.48,6.14,33.59,mungbean
30,8,33,23.75,89.57,5.79,62.31,pomegranate
35,138,187,23.87,78.82,6.77,60.8,grapes
14,67,21,23.15,23.62,5.87,94.11,kidneybeans
71,51,37,16.08,39.64,6.99,69.65,barley
11,55,20,23.41,24.0,5.96,103.09,kidneybeans
107,15,50,24.99,89.46,6.01,45.88,watermelon
8,72,19,31.61,41.24,4.09,135.58,pigeonpeas
20,34,9,28.89,85.7,6.39,48.94,mungbean
57,61,73,20.32,64.94,6.07,82.96,potato
98,25,26,26.17,53.85,6.56,136.09,coffee
25,9,25,25.16,99.76,6.48,228.59,coconut
36,59,24,40.59,57.53,7.18,62.92,blackgram
18,34,35,28.66,40.66,6.44,82.97,mango
34,68,12,27.58,59.88,6.64,57.83,groundnut
17,15,21,28.44,94.7,6.95,188.52,coconut
77,54,32,17.86,59.97,6.34,130.07,wheat
92,59,37,21.32,58.28,6.01,106.33,maize
12,9,41,25.12,90.32,6.82,39.72,pomegranate
61,52,43,18.76,45.03,7.02,69.36,barley
62,53,31,21.43,46.71,6.16,41.59,sunflower
67,60,40,17.17,44.39,7.42,97.54,barley
24,8,24,27.7,95.6,7.06,164.38,coconut
82,42,51,25.42,76.04,6.83,190.76,rice
25,58,10,26.41,55.1,6.64,48.53,mothbeans
101,55,44,26.04,70.63,5.54,60.38,banana
22,11,22,23.31,92.54,6.72,188.36,coconut
20,49,17,26.24,86.15,6.05,53.5,mungbean
51,58,44,22.91,68.2,5.58,77.15,potato
24,10,31,23.23,93.88,5.66,163.52,coconut
83,60,39,28.69,68.9,6.91,222.61,rice
20,5,42,24.09,81.74,6.63,35.83,pomegranate
73,33,49,22.15,76.73,6.34,149.19,jute
62,59,52,21.92,63.89,5.67,74.15,tomato
53,62,43,30.5,92.84,6.73,193.14,papaya
27,53,25,29.81,36.39,6.54,60.49,mothbeans
16,140,172,25.99,86.43,5.27,65.76,grapes
20,55,18,31.98,56.22,6.8,66.19,mothbeans
16,66,16,26.79,44.51,5.14,132.92,pigeonpeas
81,46,36,22.36,81.84,6.23,198.61,rice
22,7,12,29.7,97.16,6.26,164.82,coconut
82,51,40,13.92,65.97,7.06,143.27,wheat
26,16,7,28.2,92.05,7.02,91.96,orange
7,46,24,25.32,83.06,6.43,21.0,mungbean
68,67,31,18.04,64.54,6.29,84.79,barley
64,39,25,18.42,50.35,6.57,79.7,sunflower
17,6,27,26.95,93.03,6.52,188.68,coconut
27,24,38,34.68,48.76,4.89,99.71,mango
18,134,178,23.81,93.88,5.17,133.25,apple
38,37,55,19.86,29.15,7.23,43.16,onion
80,46,31,22.74,80.29,6.1,215.16,rice
77,36,45,25.39,94.03,6.86,168.98,jute
42,47,21,28.82,60.43,6.7,66.06,blackgram
74,55,39,22.27,75.34,5.63,87.1,maize
22,10,26,28.65,89.41,5.73,167.88,coconut
78,41,20,23.31,71.33,5.02,74.85,maize
12,5,37,27.49,87.45,6.4,34.64,pomegranate
88,78,69,28.56,75.68,6.45,93.67,banana
23,64,15,26.98,86.16,6.81,44.4,mungbean
124,47,16,24.02,87.64,6.61,50.72,cotton
13,41,25,31.06,83.18,6.84,53.41,mungbean
49,57,41,33.54,93.25,7.01,193.41,papaya
20,132,180,19.75,93.99,7.3,117.16,apple
19,71,23,22.2,42.11,6.66,61.95,lentil
97,18,51,27.99,97.12,6.0,24.49,muskmelon
40,60,54,29.17,89.24,6.74,132.27,papaya
18,70,17,17.46,45.32,6.56,53.59,lentil
68,49,32,16.67,52.92,6.73,134.23,wheat
19,34,39,31.56,52.78,5.31,97.79,mango
75,33,38,18.28,65.42,6.34,110.41,maize
41,57,17,31.01,61.73,7.73,57.31,blackgram
47,50,41,28.14,66.18,6.03,78.41,tomato
50,71,21,27.33,53.42,6.8,82.58,groundnut
68,42,37,27.85,60.27,6.5,66.78,tomato
99,71,55,26.21,87.96,6.59,82.17,banana
22,10,41,22.41,86.62,5.88,39.21,pomegranate
13,80,24,23.27,46.3,6.73,35.67,lentil
77,50,45,17.76,60.63,6.0,118.33,wheat
47,76,91,16.19,15.85,6.34,69.11,chickpea
30,51,15,32.99,60.81,7.05,66.19,blackgram
84,52,46,23.32,87.53,6.53,190.08,jute
54,75,78,14.92,23.15,6.61,99.43,chickpea
84,36,36,24.21,78.99,6.82,195.67,jute
25,128,215,18.07,85.15,5.89,117.03,apple
98,39,33,24.72,76.09,6.78,196.42,jute
48,48,47,22.1,59.03,6.5,51.23,onion
101,22,36,30.03,91.98,6.74,32.32,muskmelon
112,25,53,31.72,86.09,7.26,40.35,watermelon
20,59,12,17.78,59.54,7.28,52.43,lentil
17,28,29,32.28,45.6,5.54,104.31,mango
74,71,41,13.36,70.9,6.79,74.97,barley
23,90,19,21.18,44.1,6.89,54.6,lentil
25,141,207,25.34,83.6,5.85,129.61,apple
56,63,47,19.17,81.29,6.2,99.95,potato
83,50,40,21.37,78.2,7.09,168.6,jute
59,60,26,23.97,71.05,5.37,81.21,potato
24,125,221,25.51,92.32,5.36,91.61,apple
21,40,20,23.6,76.15,6.65,46.16,mungbean
54,34,46,20.97,70.27,5.72,80.13,tomato
22,47,23,18.33,22.06,5.75,100.93,kidneybeans
21,25,37,27.55,43.99,6.56,101.97,mango
80,44,50,18.59,76.6,6.52,134.72,wheat
11,62,18,29.88,50.36,6.37,144.07,pigeonpeas
45,48,41,25.32,50.36,6.14,61.91,sunflower
59,47,54,19.92,55.43,7.03,127.99,wheat
54,41,33,25.63,47.01,6.68,51.96,sunflower
17,61,21,22.12,27.89,6.0,99.37,kidneybeans
53,69,49,29.84,95.17,7.37,167.96,papaya
16,66,66,21.62,20.89,7.19,97.82,chickpea
23,143,197,19.09,98.53,5.09,98.92,apple
19,11,13,19.36,91.02,6.98,110.24,orange
27,63,13,31.23,45.79,6.56,54.59,mothbeans
27,14,45,20.45,88.16,6.09,49.49,pomegranate
12,58,23,27.41,46.28,6.03,95.09,pigeonpeas
22,123,173,25.08,81.74,6.33,75.69,grapes
108,47,15,21.57,75.3,6.97,94.16,cotton
73,30,34,26.27,71.48,6.68,108.54,maize
33,77,75,17.65,13.82,7.7,70.18,chickpea
81,53,42,24.67,78.05,6.74,276.46,rice
12,5,37,26.31,90.21,6.64,42.78,pomegranate
8,15,12,22.5,89.49,6.25,133.85,orange
42,36,49,28.11,56.7,7.29,55.31,onion
71,45,41,21.22,51.79,6.85,86.0,wheat
12,60,20,19.76,45.37,6.56,56.96,lentil
48,52,43,27.71,77.56,6.67,71.02,tomato
74,54,33,25.59,89.21,5.26,196.09,rice
98,21,50,26.01,85.64,6.94,52.95,watermelon
21,11,37,22.72,90.18,6.34,42.45,pomegranate
46,55,30,22.63,50.92,7.0,71.03,sunflower
98,81,43,26.01,69.95,5.47,136.15,banana
24,57,16,29.34,52.88,5.72,52.01,mothbeans
12,125,224,23.1,79.55,5.86,63.79,grapes
91,15,24,26.12,61.14,7.04,173.43,coffee
56,68,39,37.27,95.13,6.42,181.97,papaya
73,49,36,19.57,67.97,5.96,89.78,maize
57,31,58,24.39,58.25,6.82,71.63,onion
47,67,14,28.62,64.67,6.74,54.98,groundnut
97,29,28,24.94,71.46,6.35,136.43,coffee
59,42,38,25.16,65.51,6.43,67.11,tomato
29,145,157,26.74,74.87,6.25,76.28,grapes
34,53,38,32.61,93.37,6.7,138.2,papaya
49,42,36,15.18,37.29,6.2,54.38,sunflower
38,50,16,33.91,65.83,6.78,75.1,blackgram
23,114,196,27.49,91.03,5.4,70.73,grapes
24,141,180,27.15,73.64,5.58,62.87,grapes
26,70,18,23.15,50.78,6.61,75.37,groundnut
50,42,57,24.53,69.15,6.71,76.38,tomato
21,77,16,24.68,37.76,7.61,46.27,lentil
22,17,29,26.57,97.6,5.82,182.13,coconut
70,45,44,22.49,79.14,6.8,215.84,jute
49,34,49,12.4,56.04,6.82,58.64,onion
58,69,42,14.67,51.16,7.12,86.95,barley
19,7,20,28.98,94.48,5.38,159.34,coconut
64,39,35,18.67,59.6,7.2,80.75,barley
69,22,40,26.59,84.57,6.59,189.29,jute
85,18,39,27.24,47.7,6.47,167.26,coffee
18,9,31,25.02,93.76,6.06,181.17,coconut
62,63,52,22.44,63.82,6.46,75.15,tomato
23,130,204,20.23,92.58,5.93,108.59,apple
52,42,41,34.51,92.41,6.71,157.38,papaya
99,73,51,24.7,79.03,6.3,112.84,banana
130,40,13,18.95,86.58,6.62,75.12,cotton
99,27,55,26.92,88.4,6.27,64.06,watermelon
113,41,15,18.77,85.7,7.39,60.9,cotton
22,15,38,28.82,97.39,6.35,208.97,coconut
38,58,24,33.82,63.97,7.44,73.58,blackgram
74,54,34,24.53,80.14,6.26,210.95,jute
25,52,25,28.16,47.54,7.09,53.42,mothbeans
43,33,33,19.59,62.81,7.4,39.78,sunflower
68,69,41,11.49,63.42,6.6,74.24,barley
57,52,62,23.16,71.02,6.95,77.14,onion
25,137,209,23.1,79.34,6.32,82.15,grapes
65,60,49,11.31,67.94,7.04,66.52,barley
30,115,185,22.69,89.83,7.69,117.74,apple
21,144,216,23.57,90.65,5.56,101.13,apple
55,47,62,23.54,53.98,6.83,61.25,onion
71,43,45,24.99,79.35,6.76,222.91,rice
20,48,20,30.76,90.09,6.26,43.84,mungbean
75,52,50,18.38,56.56,6.85,110.87,wheat
25,141,204,23.76,86.99,6.19,98.98,apple
22,8,31,28.47,99.1,6.16,157.73,coconut
76,50,33,20.05,66.18,6.42,73.64,maize
86,15,36,24.59,69.5,6.43,140.65,coffee
94,57,22,25.82,74.62,7.3,84.13,cotton
19,64,21,28.25,56.38,6.55,108.99,pigeonpeas
45,59,20,29.44,72.27,6.5,76.08,blackgram
117,40,21,25.41,82.21,6.93,50.67,cotton
63,68,39,13.71,61.02,6.53,116.81,wheat
23,7,31,25.75,94.17,6.51,202.72,coconut
42,54,31,38.82,96.78,6.39,145.44,papaya
98,17,43,30.82,92.23,6.33,19.02,muskmelon
72,42,42,16.04,47.37,6.84,90.29,barley
18,73,17,25.75,48.23,5.29,166.41,pigeonpeas
92,22,33,29.76,69.01,6.62,147.59,coffee
26,56,22,17.79,38.68,6.91,60.09,lentil
75,60,46,19.38,59.44,6.14,108.59,wheat
31,66,19,22.99,63.63,5.98,32.14,lentil
65,45,38,18.24,67.05,5.52,97.0,maize
31,52,15,32.23,46.36,6.52,66.08,mothbeans
16,4,38,17.63,89.52,6.52,51.19,pomegranate
44,49,11,26.7,62.45,6.6,73.57,groundnut
107,22,45,20.07,88.02,6.38,46.87,watermelon
94,5,23,26.25,60.24,7.29,190.9,coffee
112,12,50,23.93,88.76,6.66,56.69,watermelon
58,72,35,17.3,68.91,5.92,73.41,potato
23,48,12,25.42,88.36,6.57,61.81,mungbean
51,55,46,16.27,39.27,6.58,107.84,wheat
106,20,45,28.98,92.11,6.19,50.49,watermelon
42,59,17,23.85,67.24,7.58,64.09,blackgram
148,50,20,23.46,78.76,7.47,72.64,cotton
19,133,208,19.69,96.56,5.84,132.95,apple
80,44,51,24.9,57.1,6.62,129.07,wheat
15,60,21,29.05,42.82,5.71,151.49,pigeonpeas
46,61,53,30.59,95.71,7.05,181.17,papaya
77,48,31,22.37,82.55,5.92,231.27,rice
80,54,29,25.63,78.69,6.79,197.1,rice
23,15,5,24.0,90.16,6.82,90.44,orange
45,65,73,20.64,20.61,6.63,95.33,chickpea
67,49,28,20.02,82.98,6.87,225.14,rice
21,28,29,30.87,75.26,6.25,106.2,mango
31,61,18,25.96,63.31,7.2,75.28,blackgram
82,66,35,19.82,63.72,6.89,80.31,maize
33,60,23,14.66,29.51,6.19,112.74,kidneybeans
79,65,29,19.97,68.6,6.29,95.26,maize
62,42,36,25.02,45.46,6.98,56.23,sunflower
111,65,53,26.97,78.33,6.35,117.58,banana
46,77,23,28.88,52.28,6.57,78.6,groundnut
98,21,37,25.45,87.09,6.3,34.69,muskmelon
25,116,200,22.49,92.39,5.89,127.07,apple
51,66,29,27.35,70.7,6.77,71.76,tomato
91,23,25,23.71,66.07,6.93,171.95,coffee
40,62,20,24.92,55.2,5.97,63.76,groundnut
30,16,26,23.0,88.71,6.66,178.82,coconut
110,19,33,22.43,53.76,6.2,204.81,coffee
28,13,28,27.46,91.05,6.25,186.86,coconut
7,13,9,22.35,92.43,7.2,120.06,orange
22,128,215,22.56,85.98,6.0,73.23,grapes
99,9,46,27.22,90.51,6.42,28.53,muskmelon
22,72,21,27.03,54.73,6.41,136.15,pigeonpeas
108,32,28,26.6,54.04,6.44,160.59,coffee
93,24,59,23.03,88.04,6.29,76.32,watermelon
77,44,45,20.92,64.97,6.17,85.46,wheat
101,75,39,28.11,83.16,6.27,118.93,banana
92,58,32,25.84,65.47,6.63,97.27,maize
73,49,39,23.34,85.07,6.88,204.08,rice
71,57,54,17.74,78.21,6.93,70.5,potato
126,42,20,22.23,80.06,6.53,68.14,cotton
26,64,16,14.09,50.83,7.82,52.77,lentil
87,44,41,17.95,69.51,7.81,89.38,wheat
25,26,26,34.87,59.47,5.22,81.94,mango
29,12,40,17.77,88.5,6.86,28.29,pomegranate
22,13,22,30.27,97.71,5.96,176.28,coconut
22,10,41,22.68,86.73,7.31,48.94,pomegranate
87,13,37,26.09,61.12,6.17,178.15,coffee
136,45,22,28.03,76.88,6.87,80.24,cotton
46,69,67,15.59,16.63,6.97,104.59,chickpea
31,122,198,23.38,90.69,6.23,118.33,apple
61,44,28,20.2,52.98,6.05,52.75,sunflower
96,44,35,26.77,83.19,6.49,137.12,jute
24,8,39,23.7,92.9,6.66,51.06,pomegranate
26,14,7,20.38,88.34,7.35,105.19,orange
35,72,25,28.6,61.23,5.95,55.18,blackgram
18,120,187,23.01,92.87,6.2,118.94,apple
23,52,20,22.06,11.67,6.86,115.75,kidneybeans
31,56,14,18.78,22.07,6.08,111.13,kidneybeans
21,45,19,24.37,92.96,6.85,59.64,mungbean
24,133,211,27.44,80.34,6.16,79.8,grapes
40,65,26,31.35,63.96,6.58,72.94,groundnut
73,75,28,10.36,69.97,7.16,66.98,barley
76,47,40,24.79,83.1,6.87,199.93,jute
64,44,45,24.64,75.77,6.59,231.56,rice
43,88,71,16.92,19.08,6.98,60.27,chickpea
20,68,19,23.58,49.33,6.24,46.06,lentil
25,55,27,31.0,59.82,6.0,51.36,mothbeans
81,50,51,26.85,79.12,6.05,234.76,rice
24,69,20,29.16,52.59,6.77,155.9,pigeonpeas
70,49,36,13.02,34.5,6.92,116.19,barley
43,38,36,23.63,42.8,6.19,43.47,sunflower
20,22,33,31.85,42.09,6.92,107.15,mango
52,36,28,23.51,36.35,6.37,34.46,sunflower
16,67,11,26.36,41.26,6.08,149.89,pigeonpeas
123,38,17,24.31,76.87,6.56,98.02,cotton
22,26,31,31.31,55.34,5.03,94.55,mango
15,56,15,17.53,15.56,5.35,141.29,kidneybeans
70,41,45,16.78,52.05,7.06,53.36,barley
86,47,34,24.23,78.61,6.99,215.59,rice
63,50,44,15.82,61.49,6.5,87.77,wheat
14,66,21,23.94,21.92,5.37,116.8,kidneybeans
96,83,47,27.86,79.43,5.98,92.45,banana
27,14,40,18.52,86.84,5.46,29.16,pomegranate
43,56,40,28.57,94.16,6.89,150.21,papaya
20,14,6,25.58,95.08,6.91,114.02,orange
99,69,42,27.67,73.33,5.9,106.66,banana
19,8,26,27.35,100.0,5.63,172.05,coconut
16,70,21,23.58,39.94,7.17,55.9,lentil
84,16,53,27.93,87.29,6.38,44.03,watermelon
56,58,59,21.24,56.6,6.11,54.98,tomato
24,64,25,23.88,54.16,7.12,138.39,pigeonpeas
99,15,54,25.88,87.99,6.94,37.5,watermelon
110,17,32,28.95,59.4,7.06,193.43,coffee
100,62,38,26.91,85.23,7.18,191.05,rice
78,46,60,20.16,65.18,5.47,81.68,potato
26,66,17,25.02,38.44,6.4,141.56,pigeonpeas
77,45,23,23.84,80.85,6.85,275.47,rice
17,60,23,27.53,44.87,7.0,112.88,pigeonpeas
60,67,50,34.39,87.49,6.58,160.34,papaya
77,52,37,23.94,68.89,6.24,87.04,maize
19,20,7,24.21,84.99,7.69,93.94,orange
62,53,39,16.26,37.25,6.91,67.23,barley
22,38,22,25.21,79.33,6.36,44.14,mungbean
27,6,36,31.21,97.29,6.4,184.24,coconut
29,10,25,27.72,96.25,6.04,184.47,coconut
92,19,36,25.86,53.81,6.82,152.26,coffee
26,45,27,30.63,49.59,6.5,44.82,mothbeans
77,37,43,24.34,92.27,6.88,173.6,jute
31,41,42,23.03,54.99,7.29,63.29,sunflower
83,42,45,24.92,86.06,6.81,195.13,rice
75,46,45,25.73,91.68,6.45,170.26,jute
76,47,36,24.45,71.02,5.91,87.49,maize
95,17,56,24.04,93.66,6.99,33.31,watermelon
76,42,40,26.53,78.93,7.46,190.5,jute
85,50,58,27.36,81.36,6.02,171.81,rice
30,68,46,30.0,94.82,6.79,174.32,papaya
94,18,25,25.78,68.6,6.09,185.63,coffee
74,56,50,18.59,65.67,6.76,128.8,wheat
22,52,17,24.13,42.65,6.6,36.52,mothbeans
72,48,47,23.15,86.23,7.53,188.31,jute
87,34,39,23.25,82.81,6.91,169.97,jute
24,48,18,27.06,45.82,7.12,41.95,mothbeans
15,69,26,21.76,46.7,6.93,47.59,lentil
20,56,22,18.04,18.94,5.54,140.3,kidneybeans
115,22,26,25.94,57.66,5.51,178.72,coffee
80,43,58,20.95,57.4,5.8,145.82,wheat
69,41,39,27.13,64.27,6.12,91.05,maize
20,125,183,23.2,79.97,6.05,58.85,grapes
109,23,18,26.7,76.94,7.86,76.15,cotton
43,64,78,20.22,10.0,7.53,76.09,chickpea
24,137,193,28.32,70.04,5.49,84.79,grapes
89,34,38,23.02,84.16,7.07,182.69,jute
16,139,214,28.32,83.86,6.11,85.32,grapes
47,44,55,24.75,56.01,6.88,61.18,onion
78,47,34,24.55,84.2,6.31,171.6,jute
32,65,84,18.47,14.07,7.09,85.72,chickpea
84,40,38,24.81,81.54,6.79,168.31,jute
16,69,23,15.15,52.4,7.27,45.85,lentil
23,8,23,21.93,87.78,7.34,34.15,pomegranate
66,54,47,22.18,85.13,6.12,73.81,potato
57,65,33,37.97,92.28,6.96,132.7,papaya
20,51,19,27.6,45.22,6.89,39.46,mothbeans
70,63,34,16.37,70.63,6.8,64.12,barley
81,48,39,25.56,83.13,6.49,94.89,maize
55,56,35,19.55,51.51,6.97,66.21,sunflower
19,8,34,28.92,94.71,5.96,191.61,coconut
74,41,33,21.08,70.46,6.86,110.94,maize
20,56,22,30.45,36.71,6.9,52.4,mothbeans
80,37,45,22.88,86.56,6.46,169.78,jute
36,71,77,17.72,14.35,6.39,79.82,chickpea
22,69,21,28.24,49.7,7.43,153.69,pigeonpeas
87,42,36,24.93,68.51,6.29,105.02,maize
100,19,35,24.98,66.14,6.28,163.91,coffee
89,24,54,23.13,94.29,6.77,26.0,muskmelon
76,32,47,27.62,81.46,6.74,177.13,jute
125,39,10,23.34,73.22,7.08,62.19,cotton
42,39,31,17.37,48.54,6.55,72.68,sunflower
38,74,13,21.35,49.15,6.78,54.44,groundnut
50,63,54,15.17,69.7,6.15,72.92,potato
47,57,83,17.2,21.23,6.15,73.51,chickpea
101,20,52,25.72,90.04,6.27,42.49,watermelon
25,53,22,28.46,31.16,7.52,51.55,mothbeans
26,15,33,25.83,85.77,5.98,31.97,pomegranate
45,38,36,19.19,48.5,6.75,56.75,sunflower
118,40,15,27.59,87.32,7.47,87.39,cotton
13,14,21,25.82,97.72,6.32,152.3,coconut
116,87,56,26.49,63.79,6.12,99.96,banana
88,30,41,26.31,74.61,7.07,230.15,rice
20,11,35,19.66,91.2,7.26,40.11,pomegranate
110,19,33,27.29,95.1,6.87,43.37,watermelon
50,52,46,33.35,91.3,7.54,157.56,papaya
25,126,183,19.13,89.03,5.86,139.28,apple
117,43,31,26.43,92.4,6.8,78.73,cotton
43,67,75,14.72,21.17,7.37,51.81,chickpea
24,57,21,14.07,50.38,7.75,40.52,lentil
47,64,66,15.23,24.81,6.89,71.35,chickpea
71,61,31,15.27,54.69,6.95,85.01,barley
23,15,40,19.93,89.43,6.71,50.16,pomegranate
82,45,43,26.55,83.53,6.61,148.12,jute
26,108,199,16.96,88.38,5.91,129.14,apple
56,57,44,22.86,65.05,6.93,67.69,tomato
26,56,23,27.16,48.73,5.89,113.09,pigeonpeas
14,27,21,34.49,56.97,5.96,83.18,mango
95,48,49,19.86,73.48,6.47,231.52,rice
26,49,23,31.67,86.69,6.26,59.76,mungbean
62,47,47,23.64,84.73,6.63,64.65,tomato
47,46,64,14.97,55.91,6.65,56.64,onion
23,26,27,27.95,61.36,6.1,89.4,mango
72,30,39,24.21,63.03,6.23,97.74,maize
71,35,38,26.44,83.37,6.47,172.97,jute
55,52,37,17.8,60.35,6.71,81.23,barley
48,60,60,35.94,94.1,7.09,146.92,papaya
66,50,65,20.35,60.26,5.9,65.56,potato
42,45,45,22.51,68.43,7.09,83.45,tomato
53,39,38,18.52,63.25,7.46,60.47,sunflower
54,33,35,18.67,35.75,6.53,72.62,sunflower
68,54,48,23.78,87.02,6.68,200.65,rice
19,5,30,25.36,91.83,5.64,242.13,coconut
52,61,53,30.61,92.59,6.85,154.63,papaya
23,63,21,31.51,45.45,5.99,48.77,mothbeans
66,47,31,22.96,74.38,5.26,91.73,maize
21,133,210,22.43,96.81,6.23,123.7,apple
76,74,38,19.03,65.73,6.7,72.72,barley
103,25,53,25.91,87.14,5.95,25.59,muskmelon
43,54,20,29.06,65.78,6.05,51.7,blackgram
107,51,29,23.03,84.21,7.49,95.26,cotton
15,11,46,22.03,83.15,6.62,47.61,pomegranate
22,18,26,33.23,53.28,6.41,97.83,mango
24,12,26,29.78,93.1,6.7,191.06,coconut
19,59,31,26.1,33.18,6.44,50.16,mothbeans
81,53,49,20.29,92.67,5.52,215.45,rice
13,40,14,32.01,92.74,6.63,62.21,mungbean
16,53,22,14.51,40.17,5.76,49.14,lentil
42,68,19,26.63,56.25,6.52,67.43,groundnut
24,135,195,16.21,88.34,6.1,71.2,grapes
113,69,44,31.24,84.89,5.05,88.69,banana
27,51,13,23.32,10.63,5.7,166.77,kidneybeans
60,53,34,9.38,62.18,7.51,89.77,barley
20,71,11,29.44,41.56,6.49,110.75,pigeonpeas
67,60,43,15.01,50.1,6.57,67.62,barley
36,59,20,23.35,57.99,6.56,78.22,blackgram
32,111,192,16.49,82.16,6.14,90.91,grapes
16,59,20,14.25,14.64,5.97,108.94,kidneybeans
51,43,90,19.01,10.96,6.57,100.15,chickpea
17,127,195,31.35,84.0,6.08,83.37,grapes
48,39,39,18.62,62.86,6.06,40.81,sunflower
104,16,48,31.81,95.89,6.29,19.95,muskmelon
20,25,24,26.55,45.89,6.25,118.84,mango
125,46,23,27.63,78.55,6.65,92.42,cotton
108,13,43,31.95,93.94,6.43,28.79,muskmelon
59,42,44,24.73,45.81,7.15,62.64,sunflower
24,29,33,30.87,44.75,6.43,92.54,mango
23,126,196,21.01,92.84,5.14,125.56,apple
19,24,35,32.56,50.42,6.19,94.37,mango
74,60,42,22.68,68.09,5.14,83.45,potato
82,50,37,22.54,79.84,6.7,207.37,rice
96,71,54,23.88,74.61,6.14,112.46,banana
19,52,19,27.35,85.29,6.26,46.57,mungbean
38,55,53,31.44,92.79,6.9,146.26,papaya
92,8,30,23.42,53.73,6.32,157.33,coffee
52,40,27,23.19,64.85,6.52,44.06,sunflower
63,43,35,22.57,81.66,7.02,205.18,jute
88,35,22,19.32,55.98,6.39,114.17,wheat
90,70,49,30.78,81.19,5.66,104.41,banana
42,72,25,27.94,69.92,6.62,76.96,blackgram
45,69,19,28.93,72.36,6.52,74.39,blackgram
22,40,14,28.32,83.41,6.75,49.2,mungbean
105,25,51,27.42,86.06,6.41,25.57,muskmelon
11,32,42,30.65,65.16,5.67,79.41,mango
10,59,27,25.57,49.17,6.18,70.96,lentil
44,49,41,16.75,65.07,7.0,61.37,onion
22,8,31,26.34,97.64,6.17,172.12,coconut
14,11,22,28.26,93.13,5.47,199.99,coconut
24,132,207,23.79,94.65,5.89,72.69,grapes
14,45,25,30.32,84.21,6.62,44.0,mungbean
35,45,22,26.05,86.48,6.4,45.89,mungbean
39,47,52,20.26,60.26,6.42,48.65,onion
21,111,193,18.59,92.69,5.67,126.67,apple
60,34,42,20.49,45.64,6.36,53.78,sunflower
31,66,21,26.09,49.0,6.37,52.01,groundnut
40,61,16,23.61,62.7,6.52,74.07,groundnut
23,59,24,24.31,61.62,6.01,118.07,pigeonpeas
70,50,34,16.01,48.78,7.5,75.12,wheat
96,36,37,24.39,89.21,5.78,254.89,rice
61,41,46,24.79,74.81,6.6,87.46,tomato
29,54,24,28.03,47.61,6.86,81.13,mothbeans
63,60,39,22.72,76.94,5.67,244.7,rice
34,57,53,28.5,66.42,6.98,54.14,onion
20,27,30,31.93,54.08,5.4,120.99,mango
30,54,23,35.76,39.19,6.42,69.12,groundnut
57,63,63,39.05,90.97,7.8,150.49,papaya
102,59,47,27.88,77.4,5.58,116.92,banana
33,125,222,30.11,76.99,6.52,68.49,grapes
72,35,34,21.63,75.59,6.52,74.64,maize
18,78,21,20.58,39.84,6.94,41.68,lentil
25,138,173,22.26,91.79,6.36,107.18,apple
35,73,95,20.45,16.76,6.93,69.65,chickpea
22,9,36,26.39,89.26,6.29,39.2,pomegranate
60,41,59,32.37,91.77,6.59,180.86,papaya
26,119,208,22.55,80.38,6.12,76.03,grapes
87,19,41,25.62,88.43,6.22,24.78,muskmelon
68,59,58,15.9,66.69,5.63,100.61,potato
130,52,18,19.47,81.23,6.63,57.65,cotton
90,9,44,30.42,96.74,6.77,33.46,muskmelon
25,25,31,30.52,41.87,4.93,84.17,mango
94,23,55,26.87,95.26,6.28,48.13,watermelon
101,20,25,20.44,51.11,6.3,181.95,coffee
77,50,48,23.95,68.55,6.02,76.62,potato
29,128,188,21.66,90.98,6.98,91.62,apple
102,75,52,27.19,86.21,6.05,70.84,banana
106,16,34,26.55,92.13,6.89,20.46,muskmelon
36,62,20,32.81,69.66,7.01,61.03,blackgram
19,50,19,25.55,41.46,5.93,45.88,mothbeans
94,41,35,26.24,64.44,6.43,74.06,maize
29,49,20,29.96,49.2,6.55,54.36,mothbeans
43,30,44,24.62,58.86,6.6,59.95,onion
98,71,50,32.27,85.77,6.47,108.71,banana
50,71,16,31.39,58.13,6.24,62.88,groundnut
14,31,28,33.81,61.21,5.2,91.51,mango
14,52,23,18.15,15.26,5.5,119.52,kidneybeans
91,41,42,27.36,84.62,7.1,193.68,jute
17,62,16,19.83,14.43,6.12,146.47,kidneybeans
98,70,60,27.53,76.08,5.81,122.42,banana
103,20,56,22.85,88.64,6.41,54.56,watermelon
25,11,39,20.75,88.83,6.55,29.32,pomegranate
19,58,24,24.77,81.63,6.88,22.87,mungbean
79,50,34,20.09,63.15,7.16,112.7,wheat
35,43,63,24.24,54.68,6.16,65.09,onion
20,48,17,30.43,87.65,6.84,48.77,mungbean
27,54,18,29.44,35.2,7.64,37.65,mothbeans
55,40,43,24.17,84.3,6.06,68.84,tomato
85,53,31,27.33,56.64,6.66,105.01,maize
61,34,40,24.78,77.48,6.82,170.15,rice
71,54,40,14.45,53.43,6.92,68.8,barley
49,66,16,27.78,48.32,6.47,75.41,groundnut
82,13,18,28.6,62.66,6.83,166.02,coffee
56,45,42,22.96,69.03,6.45,65.72,tomato
63,39,35,15.15,52.95,6.9,79.07,barley
35,115,211,22.7,80.32,5.84,66.97,grapes
49,62,20,29.16,78.84,6.05,56.55,groundnut
17,14,30,28.13,99.54,4.82,211.97,coconut
23,65,18,22.96,44.3,6.03,48.39,lentil
75,54,42,25.33,92.94,5.87,163.69,jute
12,34,40,36.63,47.31,5.22,84.01,mango
43,61,46,29.7,98.57,6.33,154.4,papaya
15,56,29,25.42,87.67,6.21,60.41,mungbean
45,45,63,22.56,61.81,6.52,79.69,onion
24,11,39,18.59,87.95,6.24,42.77,pomegranate
94,14,45,26.22,88.16,5.95,18.37,muskmelon
101,56,30,22.55,88.33,6.15,233.31,rice
46,59,17,32.03,49.76,6.75,64.42,groundnut
79,40,45,23.51,81.61,7.29,170.75,jute
41,50,21,28.77,59.67,6.45,57.39,groundnut
38,54,17,35.61,59.89,7.98,74.37,blackgram
109,21,47,24.47,93.3,6.84,31.04,muskmelon
89,68,40,25.23,65.75,6.22,141.08,banana
80,16,27,24.29,52.33,6.13,159.78,coffee
49,53,71,33.49,95.88,6.17,139.4,papaya
4,67,17,32.78,50.15,5.29,129.0,pigeonpeas
30,46,18,30.2,56.23,6.75,52.48,mothbeans
18,63,75,22.17,15.07,7.15,77.12,chickpea
111,14,51,28.88,93.12,6.29,35.25,muskmelon
29,131,219,22.67,87.55,6.73,95.79,apple
13,51,18,28.09,88.49,6.01,43.16,mungbean
22,68,17,31.02,40.98,6.68,133.09,pigeonpeas
70,50,47,16.45,60.77,6.62,91.31,wheat
50,60,85,17.42,16.68,7.04,78.78,chickpea
16,129,214,23.75,92.17,6.24,109.59,apple
45,30,56,23.59,47.4,6.31,62.52,onion
93,60,36,21.03,81.37,6.53,252.83,rice
114,46,18,24.75,83.4,6.54,79.03,cotton
40,45,25,28.77,54.27,5.76,37.37,mothbeans
21,109,206,22.75,92.1,5.68,109.48,apple
77,48,28,23.34,83.79,7.24,204.45,rice
72,53,39,24.26,73.32,6.55,95.27,maize
14,50,28,17.42,20.38,5.62,113.68,kidneybeans
86,76,48,27.17,79.92,7.03,73.4,banana
114,13,52,30.7,92.4,6.57,40.32,watermelon
41,55,54,27.35,65.23,6.06,62.0,tomato
57,46,57,22.08,63.5,5.8,66.53,tomato
52,52,46,17.59,84.64,6.87,75.76,potato
106,15,58,29.15,84.97,6.52,21.75,muskmelon
32,71,25,24.23,57.66,6.26,66.39,groundnut
43,61,12,28.25,57.55,6.37,64.39,groundnut
29,121,181,21.15,96.7,6.32,120.56,apple
23,44,28,25.56,95.53,6.51,36.24,mungbean
110,29,32,24.5,66.68,6.92,192.77,coffee
20,48,23,30.9,87.47,6.36,57.42,mungbean
40,57,74,14.15,21.89,6.16,92.3,chickpea
20,8,38,23.48,89.09,5.94,39.47,pomegranate
21,20,9,23.78,93.6,6.29,106.45,orange
73,50,32,18.08,51.86,7.42,89.26,barley
16,61,25,15.95,46.68,6.82,51.11,lentil
25,128,212,24.58,73.21,5.87,65.28,grapes
18,44,19,12.9,23.77,5.31,122.45,kidneybeans
52,40,36,26.48,67.6,5.92,62.54,tomato
22,21,12,29.44,88.86,7.13,112.33,orange
17,18,12,24.45,88.53,7.2,94.73,orange
125,44,16,25.96,84.2,6.12,70.21,cotton
61,69,30,18.44,52.77,6.89,91.86,barley
54,54,47,23.4,74.01,6.57,73.43,tomato
24,129,174,26.57,81.55,6.81,65.6,grapes
27,126,212,24.88,86.98,5.71,97.17,apple
17,71,26,16.68,47.08,6.72,36.04,lentil
24,11,34,23.96,87.49,5.69,36.33,pomegranate
103,17,40,28.81,59.95,7.48,189.76,coffee
18,34,21,37.81,51.09,5.75,97.03,mango
56,53,39,20.89,42.45,6.57,68.73,sunflower
35,69,19,23.34,56.6,6.9,58.37,blackgram
16,15,11,29.54,91.54,6.78,112.6,orange
90,46,38,27.7,88.65,6.88,184.81,jute
18,59,27,22.06,29.68,6.1,109.33,kidneybeans
24,55,12,26.13,17.01,5.27,136.56,kidneybeans
35,36,36,23.29,48.37,6.84,58.91,sunflower
51,69,25,30.07,66.93,7.4,85.6,blackgram
23,124,218,22.29,97.18,6.21,113.64,apple
74,50,29,20.99,56.05,6.18,91.44,wheat
72,47,42,19.01,69.13,6.58,83.23,potato
23,70,15,20.96,42.07,6.48,51.89,lentil
92,13,42,25.48,90.41,6.39,26.44,watermelon
26,59,29,31.34,43.99,6.28,52.39,mothbeans
29,30,32,29.05,54.57,5.44,119.0,mango
19,39,18,28.25,89.55,6.43,37.91,mungbean
56,61,76,23.97,12.84,6.78,72.79,chickpea
15,56,19,19.74,54.39,7.27,49.41,lentil
96,77,54,29.42,79.88,6.66,118.16,banana
97,76,43,28.41,79.61,5.89,92.77,banana
20,57,16,17.25,59.92,6.6,60.68,lentil
8,67,17,26.34,55.57,6.7,124.55,pigeonpeas
32,57,16,23.63,61.96,6.29,66.88,groundnut
26,139,222,21.1,92.8,6.84,78.14,apple
18,43,20,14.34,22.27,6.23,112.85,kidneybeans
19,18,26,26.13,92.38,6.64,170.68,coconut
89,65,46,26.02,77.31,6.19,101.58,banana
68,53,39,24.02,64.62,6.64,70.22,tomato
84,51,48,13.54,62.14,7.16,101.65,wheat
26,51,20,31.1,56.32,5.52,46.31,mothbeans
52,65,67,14.94,61.32,6.31,86.16,potato
24,10,31,30.35,94.89,6.38,231.29,coconut
13,69,17,16.74,22.15,5.48,142.26,kidneybeans
49,61,47,33.48,87.24,6.94,162.95,papaya
25,59,20,25.47,72.82,6.77,41.85,mungbean
62,49,41,22.65,52.01,7.19,95.72,wheat
22,43,19,28.47,47.78,6.77,138.44,pigeonpeas
67,53,46,15.55,69.96,6.01,64.36,potato
62,52,61,12.54,78.96,6.32,85.48,potato
23,39,43,23.2,57.69,6.81,39.21,onion
16,56,20,29.44,61.97,5.7,120.05,pigeonpeas
74,65,34,12.04,53.38,6.68,79.05,barley
73,48,26,19.58,71.75,7.01,71.48,maize
71,64,33,20.36,87.79,6.9,238.72,rice
37,56,14,28.71,70.79,7.52,79.6,blackgram
29,48,16,24.56,90.45,6.27,50.44,mungbean
21,48,26,27.87,53.16,6.31,30.24,mothbeans
26,33,33,33.92,63.58,5.97,109.69,mango
112,74,51,27.95,85.85,5.34,111.69,banana
73,45,36,29.56,81.93,5.97,244.68,rice
101,11,57,27.68,91.66,6.76,27.67,muskmelon
28,11,38,21.99,91.52,6.99,32.44,pomegranate
30,56,14,28.37,45.38,6.46,45.5,groundnut
18,64,19,22.38,28.75,6.33,127.06,kidneybeans
16,57,24,27.0,76.03,6.27,44.0,mungbean
18,75,23,28.05,42.2,6.39,130.39,pigeonpeas
20,17,9,23.9,90.78,6.76,121.81,orange
15,7,40,17.4,89.19,6.63,57.85,pomegranate
15,11,36,22.56,93.85,6.46,60.79,pomegranate
68,42,44,21.41,80.51,7.16,197.52,jute
84,63,49,31.51,78.99,5.93,71.16,banana
17,67,30,15.73,35.19,7.19,43.21,lentil
83,59,45,23.52,81.9,6.0,219.44,rice
20,53,11,29.34,81.81,7.16,56.23,mungbean
22,9,16,27.04,95.91,5.74,151.13,coconut
60,55,50,34.55,93.86,6.81,153.8,papaya
19,39,23,28.55,82.9,5.74,64.44,mungbean
94,78,63,30.28,70.39,6.23,96.44,banana
107,74,35,32.99,88.73,6.29,84.94,banana
61,63,39,20.9,41.93,7.61,67.29,sunflower
19,9,30,27.72,94.96,5.71,130.92,coconut
49,57,24,27.15,59.56,6.06,86.73,blackgram
57,54,32,17.72,40.71,6.86,84.52,barley
12,17,48,28.49,90.19,6.78,35.41,pomegranate
84,40,49,21.65,80.39,6.91,183.07,rice
9,63,18,26.8,49.08,6.16,127.0,pigeonpeas
76,44,36,29.3,84.02,5.87,247.54,rice
45,43,50,25.8,59.57,5.39,84.78,tomato
19,70,25,22.62,40.86,7.21,49.35,lentil
34,60,17,23.37,62.08,6.69,67.84,groundnut
28,58,14,32.71,69.7,6.64,62.34,blackgram
50,60,44,36.95,90.71,6.27,134.58,papaya
37,61,53,38.61,95.93,7.15,106.75,papaya
19,70,19,17.56,56.59,6.91,50.18,lentil
21,18,8,23.08,96.98,7.39,121.86,orange
45,38,68,21.96,59.71,7.02,65.69,onion
77,52,35,24.13,61.95,6.46,86.11,maize
20,51,19,33.06,44.97,7.54,54.31,mothbeans
91,20,49,26.96,90.47,6.65,46.89,watermelon
49,35,35,24.18,61.94,6.95,52.79,sunflower
85,58,37,16.95,57.43,7.63,107.64,wheat
22,125,201,20.31,87.73,6.11,126.1,apple
23,41,30,28.89,43.79,6.09,133.52,pigeonpeas
52,52,51,26.86,57.97,7.41,79.27,tomato
26,131,213,25.09,77.11,5.69,55.21,grapes
14,69,9,21.66,45.61,7.76,42.25,lentil
23,19,11,30.69,96.91,7.18,97.42,orange
49,66,51,34.27,91.66,6.22,188.76,papaya
93,48,24,25.34,76.8,6.55,87.42,cotton
81,58,44,21.2,69.35,7.35,112.97,wheat
40,35,55,15.77,56.44,6.11,73.69,onion
135,38,20,21.65,78.43,6.98,68.26,cotton
35,74,27,30.77,64.93,7.41,80.95,blackgram
61,73,55,26.26,68.1,7.2,77.74,onion
85,62,38,22.47,61.19,6.67,87.73,wheat
94,75,52,25.02,83.62,6.03,65.69,banana
29,68,12,32.69,62.79,7.28,56.68,blackgram
19,54,19,22.93,41.04,6.4,142.08,pigeonpeas
17,71,20,23.37,51.31,7.32,139.86,pigeonpeas
75,50,44,15.24,61.35,6.23,97.78,wheat
70,51,41,14.37,53.7,7.02,64.97,barley
50,42,40,25.38,46.75,6.75,64.93,sunflower
70,47,57,24.58,82.26,6.4,91.61,potato
17,59,15,23.09,13.03,6.07,115.1,kidneybeans
35,38,44,26.73,46.26,7.3,71.71,tomato
53,49,57,23.63,62.98,6.51,51.6,tomato
53,51,22,24.39,37.69,7.11,53.63,sunflower
18,57,17,23.69,24.31,5.93,132.13,kidneybeans
50,42,27,24.99,53.04,6.78,76.88,sunflower
93,19,39,25.2,73.24,6.61,152.26,coffee
17,19,33,37.23,55.31,5.9,106.14,mango
80,67,38,24.9,81.83,5.92,254.28,rice
43,45,55,22.79,74.13,6.75,70.05,onion
19,69,16,23.52,40.59,7.04,61.82,lentil
18,69,23,25.48,50.54,4.79,158.84,pigeonpeas
47,53,66,24.16,49.32,7.3,67.24,onion
57,51,53,22.45,73.22,5.95,78.11,potato
109,18,62,26.42,90.7,6.73,12.02,muskmelon
41,44,21,33.15,64.51,7.7,78.6,blackgram
19,7,48,24.79,86.26,6.52,41.44,pomegranate
25,70,27,34.93,51.13,7.08,42.76,mothbeans
77,37,40,19.8,59.33,6.3,107.23,maize
136,52,22,24.46,81.6,7.47,98.35,cotton
34,20,7,25.06,94.26,7.31,116.64,orange
35,60,17,24.92,58.83,6.75,63.12,groundnut
56,32,38,20.92,48.42,6.24,65.73,onion
87,17,35,24.26,72.52,6.77,152.12,coffee
98,46,24,19.15,82.25,7.53,108.32,cotton
25,142,206,20.31,85.02,5.88,125.42,apple
27,52,24,21.07,12.95,6.12,118.23,kidneybeans
47,52,92,17.01,15.94,6.75,70.68,chickpea
36,55,18,30.8,69.29,6.98,70.16,blackgram
47,46,53,16.26,55.36,7.07,74.38,onion
22,73,22,26.62,56.05,5.16,151.08,pigeonpeas
60,58,51,17.62,66.7,6.78,112.07,potato
18,28,35,30.66,42.94,5.08,107.2,mango
99,81,58,27.83,75.18,5.23,64.86,banana
89,23,68,29.19,95.66,6.59,59.68,watermelon
50,69,62,17.37,70.58,6.68,94.8,potato
95,15,56,31.21,91.73,6.67,16.38,muskmelon
49,53,57,20.79,60.7,6.99,61.39,onion
23,140,210,30.51,77.05,5.83,82.59,grapes
53,39,47,27.18,63.81,6.11,67.76,tomato
23,129,175,24.58,83.7,7.36,132.53,apple
81,61,45,14.57,73.07,6.34,106.05,wheat
16,11,8,31.53,90.8,7.36,104.36,orange
38,63,22,26.76,70.98,7.45,58.7,blackgram
45,54,43,29.08,67.02,6.09,57.76,onion
24,44,19,27.95,88.42,6.74,47.8,mungbean
24,6,37,21.36,97.5,6.47,169.19,coconut
56,59,43,31.7,90.45,6.09,129.93,papaya
101,23,23,28.7,62.47,6.73,158.06,coffee
77,45,44,25.33,80.2,7.08,187.57,rice
59,50,50,20.55,66.26,6.54,60.96,tomato
47,35,32,18.9,42.89,6.72,61.32,sunflower
91,45,35,19.77,55.76,5.89,89.44,maize
52,36,45,18.51,58.53,6.81,106.95,wheat
100,22,53,23.74,85.51,7.5,45.16,watermelon
101,9,44,23.43,87.81,6.73,48.93,watermelon
32,131,209,26.11,90.08,6.56,114.13,apple
26,75,19,20.73,47.65,7.48,48.0,lentil
22,70,24,28.97,45.74,6.5,102.85,pigeonpeas
27,121,194,17.42,91.42,5.85,114.49,apple
93,46,39,22.43,82.75,7.44,207.71,jute
76,40,36,28.3,84.52,6.43,165.68,jute
46,67,68,17.84,25.52,7.5,74.07,chickpea
103,85,44,29.28,77.36,6.31,70.82,banana
97,12,32,22.59,50.77,7.1,136.07,coffee
31,123,178,21.79,90.96,5.58,108.8,apple
113,46,21,22.24,87.25,6.55,83.92,cotton
50,59,45,21.6,61.3,6.53,56.64,tomato
30,50,76,18.47,16.52,6.83,60.81,chickpea
23,8,40,21.47,92.39,7.1,38.9,pomegranate
29,123,205,18.73,84.04,6.98,65.05,grapes
123,35,18,21.95,70.87,7.42,69.56,cotton
20,54,14,23.4,92.9,6.26,61.36,mungbean
44,40,51,25.5,70.34,6.24,70.06,onion
15,67,25,26.21,66.78,5.68,130.65,pigeonpeas
25,8,36,24.87,86.97,7.04,43.34,pomegranate
67,46,52,20.13,69.98,5.79,73.04,potato
22,11,10,23.94,94.51,6.94,109.12,orange
73,52,29,22.33,64.77,6.1,88.07,maize
26,130,199,19.86,90.37,6.21,89.22,apple
97,22,51,24.94,88.24,6.05,59.88,watermelon
64,46,40,26.56,82.46,7.06,196.88,jute
21,7,36,22.26,93.41,6.41,172.65,coconut
58,37,37,26.27,51.76,6.44,61.94,sunflower
50,63,63,35.68,93.2,6.9,140.33,papaya
14,67,15,29.66,49.73,5.04,138.41,pigeonpeas
25,9,39,25.2,92.88,7.29,22.44,pomegranate
56,42,32,24.02,47.8,6.34,60.49,sunflower
52,41,50,25.61,62.42,6.57,58.45,tomato
19,9,16,28.89,97.46,6.0,141.81,coconut
46,70,69,16.4,13.96,6.97,81.39,chickpea
49,71,54,29.12,86.69,6.77,125.75,papaya
15,18,6,21.67,93.1,7.64,104.71,orange
69,71,53,19.31,60.3,6.85,112.27,wheat
96,10,57,28.43,89.52,6.24,38.43,muskmelon
21,7,21,22.81,94.61,5.78,163.1,coconut
26,141,176,26.63,84.9,4.97,82.99,grapes
35,73,14,33.82,63.01,6.46,60.97,groundnut
50,50,65,26.42,57.64,6.41,56.81,onion
17,65,18,31.44,27.3,5.99,127.88,pigeonpeas
14,9,9,24.3,90.75,6.97,93.46,orange
52,31,33,26.21,53.43,6.57,62.15,sunflower
68,42,44,15.3,60.23,6.8,121.72,wheat
100,71,62,29.82,83.93,5.87,139.71,banana
15,79,19,25.34,57.98,5.83,145.19,pigeonpeas
83,37,38,27.31,82.23,7.11,210.23,jute
20,8,19,27.68,95.45,5.24,191.33,coconut
88,56,36,24.47,55.15,7.1,105.99,wheat
28,7,33,21.67,93.1,5.78,54.54,pomegranate
71,44,33,17.96,59.27,5.96,103.12,maize
25,47,21,25.51,58.91,6.35,45.11,mothbeans
41,94,82,14.99,16.52,6.29,73.79,chickpea
84,44,33,19.41,55.58,7.05,104.06,wheat
72,57,35,22.81,75.7,6.45,98.07,maize
17,71,16,25.24,82.17,6.6,45.3,mungbean
97,15,28,27.83,73.48,5.49,181.82,coffee
103,24,47,24.03,85.69,6.64,39.6,watermelon
21,10,11,23.85,93.3,6.98,111.11,orange
19,129,166,23.01,93.36,6.84,107.09,apple
13,20,2,23.79,83.02,6.67,102.64,orange
52,49,56,22.81,71.19,6.7,45.43,onion
106,70,43,22.86,80.77,5.97,122.72,banana
21,155,227,26.48,91.01,7.21,115.53,apple
36,62,18,27.6,52.42,6.69,65.82,groundnut
13,13,12,30.48,93.25,7.47,106.32,orange
21,51,16,32.87,94.96,6.66,65.9,mungbean
102,23,57,24.95,88.74,6.12,32.81,muskmelon
105,13,32,24.12,61.6,6.98,135.51,coffee
17,73,20,29.19,42.34,5.65,120.83,pigeonpeas
87,44,43,22.61,79.67,6.62,162.6,rice
69,41,43,26.26,84.77,6.7,189.03,jute
16,81,21,29.91,43.42,5.27,118.61,pigeonpeas
15,119,236,23.83,97.75,6.41,98.87,apple
26,30,29,32.65,52.37,6.0,72.62,mango
44,49,58,28.01,66.85,7.06,59.4,tomato
41,66,13,27.27,67.07,7.07,73.51,groundnut
102,14,58,27.38,89.64,6.49,40.71,muskmelon
56,58,51,37.44,94.37,7.11,127.02,papaya
97,63,60,31.2,79.79,6.86,101.83,banana
57,55,57,18.79,57.85,6.4,76.97,onion
22,126,212,22.55,93.83,5.88,104.87,apple
22,13,24,24.34,91.13,5.41,194.88,coconut
20,62,26,29.91,62.93,5.16,129.31,pigeonpeas
21,48,15,36.27,47.56,6.44,116.99,pigeonpeas
25,22,24,33.49,55.08,6.0,69.79,mango
63,51,34,18.23,53.55,6.74,99.82,barley
21,61,18,30.3,41.68,7.17,93.58,pigeonpeas
104,29,50,25.35,88.96,6.55,41.72,watermelon
93,23,70,27.5,82.04,6.36,51.22,watermelon
26,49,20,27.18,56.95,6.35,64.53,mothbeans
24,22,31,31.85,55.0,5.69,95.39,mango
20,7,11,27.32,91.77,7.95,99.76,orange
34,58,16,32.09,62.75,6.48,74.42,blackgram
70,47,37,22.41,56.83,6.49,69.15,potato
62,57,40,16.87,77.53,5.76,74.06,potato
26,126,193,18.18,80.76,5.76,69.84,grapes
107,22,68,22.95,93.29,5.98,51.57,watermelon
93,18,54,32.16,92.42,6.69,55.31,watermelon
92,24,26,25.43,60.93,6.87,178.02,coffee
96,15,52,22.48,86.02,6.96,69.01,watermelon
126,51,21,21.49,79.09,7.38,59.25,cotton
110,20,44,28.1,89.32,6.33,20.56,muskmelon
24,145,155,23.53,94.15,6.57,109.03,apple
25,140,208,23.26,74.96,6.14,60.08,grapes
45,42,60,21.91,75.27,7.08,66.29,onion
38,63,53,22.76,54.46,7.0,69.6,onion
27,135,218,27.59,92.37,6.55,104.73,apple
18,50,27,17.72,25.32,6.33,111.67,kidneybeans
29,63,25,30.82,40.01,6.5,44.67,mothbeans
91,45,53,18.29,86.38,5.46,87.5,potato
101,1,46,30.29,90.83,6.21,16.67,muskmelon
66,60,45,22.73,60.71,6.43,76.87,potato
63,44,49,19.34,70.62,7.48,57.56,tomato
43,41,46,20.86,80.6,6.02,77.04,potato
66,56,48,31.69,90.11,7.71,168.81,papaya
19,15,5,29.78,91.96,7.11,101.34,orange
113,81,26,24.99,84.72,6.06,79.52,banana
55,37,24,19.05,46.56,7.18,69.01,sunflower
22,78,12,22.35,17.44,5.79,116.28,kidneybeans
19,65,14,16.48,53.71,6.52,53.16,lentil
27,99,204,17.03,93.94,6.74,96.11,apple
60,50,58,26.7,51.68,6.65,77.84,tomato
50,53,38,24.25,50.33,6.42,44.55,sunflower
23,15,9,28.89,93.21,6.66,99.79,orange
23,12,23,27.52,98.95,6.29,181.44,coconut
81,45,49,16.05,87.46,7.12,157.8,rice
3,63,20,14.96,23.55,6.04,128.84,kidneybeans
26,63,8,18.76,57.31,7.07,54.28,lentil
26,65,18,28.33,82.92,6.5,65.33,mungbean
114,22,30,29.65,94.36,6.36,57.17,watermelon
36,55,74,31.1,95.44,6.57,160.18,papaya
24,60,20,17.5,13.41,5.92,133.57,kidneybeans
79,39,36,20.05,61.3,6.49,108.57,maize
44,52,39,12.55,58.09,6.92,106.33,barley
23,48,19,25.39,85.36,6.8,38.57,mungbean
68,63,34,12.39,46.66,6.81,74.72,barley
41,55,38,23.75,72.68,7.01,65.33,tomato
22,59,27,15.56,22.7,5.83,132.2,kidneybeans
53,48,47,18.51,69.73,5.97,57.49,potato
93,17,61,25.18,82.52,6.47,49.21,watermelon
72,54,28,21.16,68.41,5.27,59.85,potato
43,68,21,22.52,62.01,7.48,61.92,blackgram
99,21,45,26.73,88.06,6.5,27.6,muskmelon
51,45,50,22.4,67.23,6.13,64.43,tomato
59,58,56,33.42,92.1,6.61,146.37,papaya
55,40,47,29.71,61.65,5.88,68.49,tomato
93,30,43,22.5,85.38,7.1,175.71,jute
15,50,17,30.59,85.76,6.62,42.17,mungbean
25,9,12,19.16,91.73,7.44,101.73,orange
47,57,12,27.05,59.17,6.66,82.98,groundnut
22,71,16,21.27,60.24,5.69,55.03,lentil
18,62,28,28.11,45.78,5.98,47.97,mothbeans
46,73,42,29.98,96.58,7.28,158.64,papaya
69,54,40,24.16,71.97,5.82,68.67,maize
84,16,32,20.63,85.7,6.9,185.66,jute
112,57,26,25.84,89.14,7.89,77.37,cotton
111,22,25,28.72,62.08,6.51,142.89,coffee
21,8,12,21.66,96.68,6.98,91.3,orange
62,40,38,18.71,47.74,7.61,87.66,barley
22,3,36,21.84,87.52,6.15,42.72,pomegranate
39,70,92,20.96,21.35,6.82,61.66,chickpea
24,126,197,19.86,90.92,7.02,96.31,apple
67,70,43,17.24,58.71,7.02,88.37,barley
62,69,49,24.03,76.99,6.29,55.86,potato
93,25,61,25.34,94.02,5.93,36.23,muskmelon
84,74,42,28.21,71.91,6.14,87.4,banana
94,15,59,29.67,93.8,6.71,50.93,watermelon
62,62,39,22.43,65.45,6.44,84.01,potato
108,56,20,23.03,85.59,6.55,76.62,cotton
91,75,59,28.85,80.17,5.86,118.95,banana
23,126,191,23.04,68.27,6.2,66.54,grapes
66,30,42,25.21,56.83,7.15,62.81,sunflower
74,39,39,26.87,77.07,6.75,204.09,rice
122,62,21,21.88,78.59,6.55,98.84,cotton
94,88,48,26.83,68.92,5.92,116.73,banana
45,56,79,15.59,15.06,6.83,67.84,chickpea
73,48,43,12.72,62.12,7.07,88.3,barley
100,15,27,20.14,61.89,6.51,163.77,coffee
27,41,19,29.01,61.4,6.36,27.99,mothbeans
110,29,39,22.04,51.12,6.0,141.12,coffee
22,45,26,35.07,61.36,7.11,48.02,mothbeans
20,56,17,16.77,19.84,4.74,108.96,kidneybeans
20,45,14,28.77,94.46,6.15,42.27,mungbean
68,44,29,11.43,63.9,6.75,103.01,barley
44,51,49,26.86,58.49,7.34,70.13,tomato
22,12,49,24.97,90.19,5.85,41.56,pomegranate
26,52,24,18.7,30.77,5.62,107.39,kidneybeans
23,20,28,28.99,51.01,5.62,102.65,mango
50,56,87,20.68,26.15,6.84,85.68,chickpea
9,55,21,25.68,94.49,6.53,39.64,mungbean
22,10,38,22.44,91.77,6.83,50.94,pomegranate
43,55,19,29.82,69.96,6.57,69.48,blackgram
23,11,34,25.14,95.58,6.73,174.82,coconut
90,47,33,25.98,68.89,6.43,122.48,maize
62,49,42,18.96,63.38,7.45,109.07,wheat
100,22,44,25.48,89.97,6.17,31.52,muskmelon
41,65,46,27.23,71.85,6.27,76.72,tomato
50,53,21,30.2,50.91,6.54,74.1,groundnut
17,56,27,28.87,58.81,7.15,66.64,mothbeans
112,24,56,28.22,92.07,6.71,21.87,muskmelon
88,83,49,27.17,78.61,6.31,115.66,banana
60,60,52,19.79,59.39,5.89,87.48,potato
6,70,17,22.06,25.71,5.36,129.91,kidneybeans
104,11,51,29.68,91.4,6.55,17.07,muskmelon
29,12,36,25.66,97.41,6.98,162.78,coconut
97,15,32,27.61,50.18,7.36,157.43,coffee
73,54,35,23.66,84.52,6.93,183.99,rice
28,62,21,27.69,33.81,6.16,43.83,mothbeans
48,45,17,21.92,56.34,7.0,53.03,sunflower
107,26,56,25.35,90.56,5.89,48.66,watermelon
18,141,219,20.02,88.79,5.93,79.19,grapes
77,48,37,23.08,86.46,6.36,190.71,jute
22,137,191,30.63,81.37,6.34,82.46,grapes
74,52,61,19.05,62.27,6.7,86.25,potato
57,46,45,20.26,48.51,6.71,69.26,onion
123,43,26,19.85,77.02,6.66,75.82,cotton
79,52,33,23.76,61.68,6.64,69.81,maize
110,38,25,19.04,76.19,7.58,83.66,cotton
27,10,31,18.41,95.02,6.19,30.57,pomegranate
21,54,15,25.09,50.88,5.62,139.88,pigeonpeas
34,63,17,28.49,58.28,6.27,52.96,groundnut
11,26,38,31.58,52.42,6.49,93.94,mango
111,19,29,27.18,73.3,7.15,138.67,coffee
129,36,16,26.27,75.71,6.57,62.32,cotton
22,85,25,31.43,38.9,6.46,128.94,pigeonpeas
111,28,54,21.75,90.33,6.65,21.63,muskmelon
13,32,30,26.7,47.59,6.03,95.0,mango
55,71,58,35.7,95.21,6.37,119.95,papaya
20,71,26,16.0,47.2,6.41,53.79,lentil
55,69,56,22.21,55.42,7.85,80.63,tomato
74,50,24,15.18,58.85,6.32,112.0,wheat
48,68,52,38.84,95.59,6.62,114.1,papaya
36,48,19,29.48,62.39,7.18,62.49,blackgram
50,38,43,22.6,73.23,6.58,83.82,tomato
111,47,18,20.13,74.65,6.63,96.29,cotton
53,41,39,24.63,36.07,6.07,57.69,sunflower
16,48,11,19.91,19.19,5.09,137.84,kidneybeans
48,91,81,15.29,10.0,7.1,91.56,chickpea
30,69,24,26.83,45.94,6.65,70.68,mothbeans
18,12,47,20.84,93.36,7.61,40.66,pomegranate
66,52,41,24.75,83.73,6.16,226.97,rice
52,75,94,13.03,14.38,6.71,85.82,chickpea
93,59,49,31.42,84.02,6.88,117.65,banana
18,7,39,22.62,86.4,5.83,44.47,pomegranate
40,55,16,24.73,60.83,7.19,62.97,blackgram
18,32,25,30.2,54.75,5.8,108.77,mango
42,59,13,28.09,55.51,6.6,59.06,groundnut
46,37,46,18.81,65.27,6.5,49.67,onion
85,20,49,31.4,89.98,6.32,33.98,muskmelon
15,14,34,22.75,88.54,6.52,44.58,pomegranate
35,61,22,34.05,35.9,5.83,28.22,mothbeans
22,111,188,27.19,87.53,6.0,110.51,apple
66,52,41,22.73,59.24,6.91,112.16,wheat
97,40,38,26.51,84.37,7.55,179.92,jute
101,22,57,28.37,89.31,6.44,73.49,watermelon
62,72,39,17.49,60.33,7.17,92.58,barley
15,23,31,34.4,58.97,6.58,98.99,mango
32,79,85,23.82,12.61,6.85,78.47,chickpea
70,37,38,27.39,87.78,6.91,179.94,jute
23,131,196,22.37,95.86,5.94,92.56,apple
23,51,18,19.99,21.79,6.17,89.78,kidneybeans
103,79,48,28.08,78.31,6.0,94.51,banana
12,32,29,32.11,53.21,5.41,106.85,mango
21,51,29,27.17,83.41,6.55,60.72,mungbean
